CUDA_VISIBLE_DEVICES=<unset: 스케줄러/전체 GPU>
HBPY=/venv/hb/bin/python
════════════════════════════════════════════════════════════════
 adapter_subspace_lora pipeline   ts=20260725_161407
   base model        : meta-llama/Llama-2-7b-chat-hf
   target modules    : q_proj,k_proj,v_proj,up_proj,down_proj
   safety LoRA       : r=16 alpha=32 lr=1e-4
   downstream LoRA   : r=16 alpha=32 lrs=1e-4 epochs=3
   adapter mode      : merge   lora dtype=float32
   subspaces built   : 6   trained: all_effective topk4 energy90
════════════════════════════════════════════════════════════════
[0] skip — safety adapter 이미 존재: outputs/adapter_subspace_lora/safety_adapter
    skip push — 이미 업로드됨: kmseong/llama2_7b-chat-Safety-LoRA-r16-lr1e-4-adapter
[0.5] skip — merged safety model 이미 존재: outputs/adapter_subspace_lora/safety_merged
    skip push — 이미 업로드됨: kmseong/llama2_7b-chat-Safety-LoRA-r16-lr1e-4
[1:all_effective] building Q_S  (all-effective)
2026-07-25 16:14:08,820 [INFO] safety adapter: r=16 alpha=32.0 scaling=2.000000 target_modules(cfg)=['v_proj', 'q_proj', 'k_proj', 'down_proj', 'up_proj']
2026-07-25 16:14:09,242 [INFO]   [dense check] layer 0 attn_k: lowrank=6.889e-08 dense=6.902e-08
2026-07-25 16:14:09,244 [INFO] layer  0 attn_k    | r=16 r_eff=16 k=16 (all_effective) energy=1.0000 recon=6.89e-08 ortho=1.02e-14
2026-07-25 16:14:09,259 [INFO]   [dense check] layer 0 attn_q: lowrank=9.371e-08 dense=6.900e-08
2026-07-25 16:14:09,260 [INFO] layer  0 attn_q    | r=16 r_eff=16 k=16 (all_effective) energy=1.0000 recon=9.37e-08 ortho=9.32e-15
2026-07-25 16:14:09,274 [INFO] layer  0 attn_v    | r=16 r_eff=16 k=16 (all_effective) energy=1.0000 recon=6.38e-08 ortho=1.19e-14
2026-07-25 16:14:09,300 [INFO] layer  0 ffn_down  | r=16 r_eff=16 k=16 (all_effective) energy=1.0000 recon=1.09e-07 ortho=1.55e-14
2026-07-25 16:14:09,323 [INFO] layer  0 ffn_up    | r=16 r_eff=16 k=16 (all_effective) energy=1.0000 recon=6.69e-08 ortho=9.93e-15
2026-07-25 16:14:09,338 [INFO] layer  1 attn_k    | r=16 r_eff=16 k=16 (all_effective) energy=1.0000 recon=9.50e-08 ortho=1.35e-14
2026-07-25 16:14:09,352 [INFO] layer  1 attn_q    | r=16 r_eff=16 k=16 (all_effective) energy=1.0000 recon=8.72e-08 ortho=7.52e-15
2026-07-25 16:14:09,367 [INFO] layer  1 attn_v    | r=16 r_eff=16 k=16 (all_effective) energy=1.0000 recon=7.43e-08 ortho=1.24e-14
2026-07-25 16:14:09,392 [INFO] layer  1 ffn_down  | r=16 r_eff=16 k=16 (all_effective) energy=1.0000 recon=9.11e-08 ortho=1.51e-14
2026-07-25 16:14:09,415 [INFO] layer  1 ffn_up    | r=16 r_eff=16 k=16 (all_effective) energy=1.0000 recon=1.07e-07 ortho=1.35e-14
2026-07-25 16:14:09,430 [INFO] layer  2 attn_k    | r=16 r_eff=16 k=16 (all_effective) energy=1.0000 recon=1.01e-07 ortho=1.33e-14
2026-07-25 16:14:09,444 [INFO] layer  2 attn_q    | r=16 r_eff=16 k=16 (all_effective) energy=1.0000 recon=9.66e-08 ortho=1.43e-14
2026-07-25 16:14:09,459 [INFO] layer  2 attn_v    | r=16 r_eff=16 k=16 (all_effective) energy=1.0000 recon=8.10e-08 ortho=1.25e-14
2026-07-25 16:14:09,484 [INFO] layer  2 ffn_down  | r=16 r_eff=16 k=16 (all_effective) energy=1.0000 recon=1.32e-07 ortho=1.28e-14
2026-07-25 16:14:09,507 [INFO] layer  2 ffn_up    | r=16 r_eff=16 k=16 (all_effective) energy=1.0000 recon=1.08e-07 ortho=1.15e-14
2026-07-25 16:14:09,522 [INFO] layer  3 attn_k    | r=16 r_eff=16 k=16 (all_effective) energy=1.0000 recon=9.53e-08 ortho=1.01e-14
2026-07-25 16:14:09,536 [INFO] layer  3 attn_q    | r=16 r_eff=16 k=16 (all_effective) energy=1.0000 recon=9.47e-08 ortho=1.11e-14
2026-07-25 16:14:09,551 [INFO] layer  3 attn_v    | r=16 r_eff=16 k=16 (all_effective) energy=1.0000 recon=8.98e-08 ortho=9.44e-15
2026-07-25 16:14:09,576 [INFO] layer  3 ffn_down  | r=16 r_eff=16 k=16 (all_effective) energy=1.0000 recon=1.33e-07 ortho=1.06e-14
2026-07-25 16:14:09,599 [INFO] layer  3 ffn_up    | r=16 r_eff=16 k=16 (all_effective) energy=1.0000 recon=1.30e-07 ortho=7.79e-15
2026-07-25 16:14:09,614 [INFO] layer  4 attn_k    | r=16 r_eff=16 k=16 (all_effective) energy=1.0000 recon=8.55e-08 ortho=1.22e-14
2026-07-25 16:14:09,628 [INFO] layer  4 attn_q    | r=16 r_eff=16 k=16 (all_effective) energy=1.0000 recon=8.08e-08 ortho=7.82e-15
2026-07-25 16:14:09,643 [INFO] layer  4 attn_v    | r=16 r_eff=16 k=16 (all_effective) energy=1.0000 recon=8.73e-08 ortho=1.15e-14
2026-07-25 16:14:09,668 [INFO] layer  4 ffn_down  | r=16 r_eff=16 k=16 (all_effective) energy=1.0000 recon=1.20e-07 ortho=1.18e-14
2026-07-25 16:14:09,691 [INFO] layer  4 ffn_up    | r=16 r_eff=16 k=16 (all_effective) energy=1.0000 recon=1.28e-07 ortho=1.64e-14
2026-07-25 16:14:09,706 [INFO] layer  5 attn_k    | r=16 r_eff=16 k=16 (all_effective) energy=1.0000 recon=9.64e-08 ortho=8.83e-15
2026-07-25 16:14:09,720 [INFO] layer  5 attn_q    | r=16 r_eff=16 k=16 (all_effective) energy=1.0000 recon=1.02e-07 ortho=9.82e-15
2026-07-25 16:14:09,734 [INFO] layer  5 attn_v    | r=16 r_eff=16 k=16 (all_effective) energy=1.0000 recon=9.26e-08 ortho=8.65e-15
2026-07-25 16:14:09,760 [INFO] layer  5 ffn_down  | r=16 r_eff=16 k=16 (all_effective) energy=1.0000 recon=1.41e-07 ortho=1.43e-14
2026-07-25 16:14:09,783 [INFO] layer  5 ffn_up    | r=16 r_eff=16 k=16 (all_effective) energy=1.0000 recon=9.80e-08 ortho=1.03e-14
2026-07-25 16:14:09,798 [INFO] layer  6 attn_k    | r=16 r_eff=16 k=16 (all_effective) energy=1.0000 recon=8.44e-08 ortho=1.34e-14
2026-07-25 16:14:09,812 [INFO] layer  6 attn_q    | r=16 r_eff=16 k=16 (all_effective) energy=1.0000 recon=7.91e-08 ortho=9.41e-15
2026-07-25 16:14:09,827 [INFO] layer  6 attn_v    | r=16 r_eff=16 k=16 (all_effective) energy=1.0000 recon=7.97e-08 ortho=7.71e-15
2026-07-25 16:14:09,852 [INFO] layer  6 ffn_down  | r=16 r_eff=16 k=16 (all_effective) energy=1.0000 recon=1.23e-07 ortho=1.03e-14
2026-07-25 16:14:09,875 [INFO] layer  6 ffn_up    | r=16 r_eff=16 k=16 (all_effective) energy=1.0000 recon=1.07e-07 ortho=1.34e-14
2026-07-25 16:14:09,890 [INFO] layer  7 attn_k    | r=16 r_eff=16 k=16 (all_effective) energy=1.0000 recon=8.25e-08 ortho=7.98e-15
2026-07-25 16:14:09,904 [INFO] layer  7 attn_q    | r=16 r_eff=16 k=16 (all_effective) energy=1.0000 recon=8.09e-08 ortho=9.97e-15
2026-07-25 16:14:09,919 [INFO] layer  7 attn_v    | r=16 r_eff=16 k=16 (all_effective) energy=1.0000 recon=9.35e-08 ortho=1.22e-14
2026-07-25 16:14:09,944 [INFO] layer  7 ffn_down  | r=16 r_eff=16 k=16 (all_effective) energy=1.0000 recon=1.25e-07 ortho=1.22e-14
2026-07-25 16:14:09,967 [INFO] layer  7 ffn_up    | r=16 r_eff=16 k=16 (all_effective) energy=1.0000 recon=1.09e-07 ortho=8.07e-15
2026-07-25 16:14:09,982 [INFO] layer  8 attn_k    | r=16 r_eff=16 k=16 (all_effective) energy=1.0000 recon=7.77e-08 ortho=1.31e-14
2026-07-25 16:14:09,996 [INFO] layer  8 attn_q    | r=16 r_eff=16 k=16 (all_effective) energy=1.0000 recon=9.03e-08 ortho=1.33e-14
2026-07-25 16:14:10,011 [INFO] layer  8 attn_v    | r=16 r_eff=16 k=16 (all_effective) energy=1.0000 recon=6.93e-08 ortho=1.28e-14
2026-07-25 16:14:10,036 [INFO] layer  8 ffn_down  | r=16 r_eff=16 k=16 (all_effective) energy=1.0000 recon=1.14e-07 ortho=1.30e-14
2026-07-25 16:14:10,059 [INFO] layer  8 ffn_up    | r=16 r_eff=16 k=16 (all_effective) energy=1.0000 recon=7.66e-08 ortho=9.15e-15
2026-07-25 16:14:10,074 [INFO] layer  9 attn_k    | r=16 r_eff=16 k=16 (all_effective) energy=1.0000 recon=8.16e-08 ortho=9.81e-15
2026-07-25 16:14:10,088 [INFO] layer  9 attn_q    | r=16 r_eff=16 k=16 (all_effective) energy=1.0000 recon=8.37e-08 ortho=8.35e-15
2026-07-25 16:14:10,102 [INFO] layer  9 attn_v    | r=16 r_eff=16 k=16 (all_effective) energy=1.0000 recon=7.48e-08 ortho=1.12e-14
2026-07-25 16:14:10,128 [INFO] layer  9 ffn_down  | r=16 r_eff=16 k=16 (all_effective) energy=1.0000 recon=1.15e-07 ortho=1.59e-14
2026-07-25 16:14:10,151 [INFO] layer  9 ffn_up    | r=16 r_eff=16 k=16 (all_effective) energy=1.0000 recon=9.45e-08 ortho=1.18e-14
2026-07-25 16:14:10,166 [INFO] layer 10 attn_k    | r=16 r_eff=16 k=16 (all_effective) energy=1.0000 recon=1.04e-07 ortho=1.32e-14
2026-07-25 16:14:10,180 [INFO] layer 10 attn_q    | r=16 r_eff=16 k=16 (all_effective) energy=1.0000 recon=1.05e-07 ortho=8.74e-15
2026-07-25 16:14:10,195 [INFO] layer 10 attn_v    | r=16 r_eff=16 k=16 (all_effective) energy=1.0000 recon=8.11e-08 ortho=1.13e-14
2026-07-25 16:14:10,220 [INFO] layer 10 ffn_down  | r=16 r_eff=16 k=16 (all_effective) energy=1.0000 recon=8.54e-08 ortho=1.44e-14
2026-07-25 16:14:10,243 [INFO] layer 10 ffn_up    | r=16 r_eff=16 k=16 (all_effective) energy=1.0000 recon=8.78e-08 ortho=1.13e-14
2026-07-25 16:14:10,258 [INFO] layer 11 attn_k    | r=16 r_eff=16 k=16 (all_effective) energy=1.0000 recon=9.74e-08 ortho=1.18e-14
2026-07-25 16:14:10,272 [INFO] layer 11 attn_q    | r=16 r_eff=16 k=16 (all_effective) energy=1.0000 recon=8.74e-08 ortho=8.67e-15
2026-07-25 16:14:10,287 [INFO] layer 11 attn_v    | r=16 r_eff=16 k=16 (all_effective) energy=1.0000 recon=8.35e-08 ortho=1.08e-14
2026-07-25 16:14:10,312 [INFO] layer 11 ffn_down  | r=16 r_eff=16 k=16 (all_effective) energy=1.0000 recon=8.44e-08 ortho=1.25e-14
2026-07-25 16:14:10,335 [INFO] layer 11 ffn_up    | r=16 r_eff=16 k=16 (all_effective) energy=1.0000 recon=8.11e-08 ortho=8.76e-15
2026-07-25 16:14:10,349 [INFO] layer 12 attn_k    | r=16 r_eff=16 k=16 (all_effective) energy=1.0000 recon=9.31e-08 ortho=1.05e-14
2026-07-25 16:14:10,364 [INFO] layer 12 attn_q    | r=16 r_eff=16 k=16 (all_effective) energy=1.0000 recon=9.72e-08 ortho=1.17e-14
2026-07-25 16:14:10,378 [INFO] layer 12 attn_v    | r=16 r_eff=16 k=16 (all_effective) energy=1.0000 recon=9.16e-08 ortho=1.00e-14
2026-07-25 16:14:10,403 [INFO] layer 12 ffn_down  | r=16 r_eff=16 k=16 (all_effective) energy=1.0000 recon=1.23e-07 ortho=1.68e-14
2026-07-25 16:14:10,427 [INFO] layer 12 ffn_up    | r=16 r_eff=16 k=16 (all_effective) energy=1.0000 recon=1.05e-07 ortho=1.31e-14
2026-07-25 16:14:10,441 [INFO] layer 13 attn_k    | r=16 r_eff=16 k=16 (all_effective) energy=1.0000 recon=9.23e-08 ortho=1.36e-14
2026-07-25 16:14:10,455 [INFO] layer 13 attn_q    | r=16 r_eff=16 k=16 (all_effective) energy=1.0000 recon=7.91e-08 ortho=9.85e-15
2026-07-25 16:14:10,470 [INFO] layer 13 attn_v    | r=16 r_eff=16 k=16 (all_effective) energy=1.0000 recon=7.20e-08 ortho=9.40e-15
2026-07-25 16:14:10,495 [INFO] layer 13 ffn_down  | r=16 r_eff=16 k=16 (all_effective) energy=1.0000 recon=1.05e-07 ortho=1.01e-14
2026-07-25 16:14:10,518 [INFO] layer 13 ffn_up    | r=16 r_eff=16 k=16 (all_effective) energy=1.0000 recon=1.06e-07 ortho=1.07e-14
2026-07-25 16:14:10,533 [INFO] layer 14 attn_k    | r=16 r_eff=16 k=16 (all_effective) energy=1.0000 recon=1.05e-07 ortho=1.15e-14
2026-07-25 16:14:10,547 [INFO] layer 14 attn_q    | r=16 r_eff=16 k=16 (all_effective) energy=1.0000 recon=8.75e-08 ortho=1.38e-14
2026-07-25 16:14:10,562 [INFO] layer 14 attn_v    | r=16 r_eff=16 k=16 (all_effective) energy=1.0000 recon=8.66e-08 ortho=1.43e-14
2026-07-25 16:14:10,587 [INFO] layer 14 ffn_down  | r=16 r_eff=16 k=16 (all_effective) energy=1.0000 recon=1.07e-07 ortho=1.49e-14
2026-07-25 16:14:10,610 [INFO] layer 14 ffn_up    | r=16 r_eff=16 k=16 (all_effective) energy=1.0000 recon=1.10e-07 ortho=1.22e-14
2026-07-25 16:14:10,624 [INFO] layer 15 attn_k    | r=16 r_eff=16 k=16 (all_effective) energy=1.0000 recon=9.15e-08 ortho=8.90e-15
2026-07-25 16:14:10,639 [INFO] layer 15 attn_q    | r=16 r_eff=16 k=16 (all_effective) energy=1.0000 recon=8.49e-08 ortho=1.04e-14
2026-07-25 16:14:10,653 [INFO] layer 15 attn_v    | r=16 r_eff=16 k=16 (all_effective) energy=1.0000 recon=9.58e-08 ortho=1.13e-14
2026-07-25 16:14:10,679 [INFO] layer 15 ffn_down  | r=16 r_eff=16 k=16 (all_effective) energy=1.0000 recon=1.07e-07 ortho=1.30e-14
2026-07-25 16:14:10,702 [INFO] layer 15 ffn_up    | r=16 r_eff=16 k=16 (all_effective) energy=1.0000 recon=1.01e-07 ortho=9.28e-15
2026-07-25 16:14:10,716 [INFO] layer 16 attn_k    | r=16 r_eff=16 k=16 (all_effective) energy=1.0000 recon=8.42e-08 ortho=1.18e-14
2026-07-25 16:14:10,731 [INFO] layer 16 attn_q    | r=16 r_eff=16 k=16 (all_effective) energy=1.0000 recon=8.98e-08 ortho=1.08e-14
2026-07-25 16:14:10,745 [INFO] layer 16 attn_v    | r=16 r_eff=16 k=16 (all_effective) energy=1.0000 recon=9.69e-08 ortho=1.35e-14
2026-07-25 16:14:10,770 [INFO] layer 16 ffn_down  | r=16 r_eff=16 k=16 (all_effective) energy=1.0000 recon=1.14e-07 ortho=1.26e-14
2026-07-25 16:14:10,794 [INFO] layer 16 ffn_up    | r=16 r_eff=16 k=16 (all_effective) energy=1.0000 recon=8.30e-08 ortho=1.09e-14
2026-07-25 16:14:10,808 [INFO] layer 17 attn_k    | r=16 r_eff=16 k=16 (all_effective) energy=1.0000 recon=5.45e-08 ortho=7.60e-15
2026-07-25 16:14:10,822 [INFO] layer 17 attn_q    | r=16 r_eff=16 k=16 (all_effective) energy=1.0000 recon=9.51e-08 ortho=1.16e-14
2026-07-25 16:14:10,837 [INFO] layer 17 attn_v    | r=16 r_eff=16 k=16 (all_effective) energy=1.0000 recon=6.33e-08 ortho=1.22e-14
2026-07-25 16:14:10,862 [INFO] layer 17 ffn_down  | r=16 r_eff=16 k=16 (all_effective) energy=1.0000 recon=9.71e-08 ortho=1.30e-14
2026-07-25 16:14:10,885 [INFO] layer 17 ffn_up    | r=16 r_eff=16 k=16 (all_effective) energy=1.0000 recon=1.21e-07 ortho=1.26e-14
2026-07-25 16:14:10,900 [INFO] layer 18 attn_k    | r=16 r_eff=16 k=16 (all_effective) energy=1.0000 recon=8.76e-08 ortho=1.38e-14
2026-07-25 16:14:10,914 [INFO] layer 18 attn_q    | r=16 r_eff=16 k=16 (all_effective) energy=1.0000 recon=9.18e-08 ortho=1.04e-14
2026-07-25 16:14:10,929 [INFO] layer 18 attn_v    | r=16 r_eff=16 k=16 (all_effective) energy=1.0000 recon=8.84e-08 ortho=1.12e-14
2026-07-25 16:14:10,954 [INFO] layer 18 ffn_down  | r=16 r_eff=16 k=16 (all_effective) energy=1.0000 recon=1.22e-07 ortho=1.49e-14
2026-07-25 16:14:10,977 [INFO] layer 18 ffn_up    | r=16 r_eff=16 k=16 (all_effective) energy=1.0000 recon=6.71e-08 ortho=1.10e-14
2026-07-25 16:14:10,992 [INFO] layer 19 attn_k    | r=16 r_eff=16 k=16 (all_effective) energy=1.0000 recon=9.92e-08 ortho=9.89e-15
2026-07-25 16:14:11,006 [INFO] layer 19 attn_q    | r=16 r_eff=16 k=16 (all_effective) energy=1.0000 recon=9.57e-08 ortho=1.07e-14
2026-07-25 16:14:11,020 [INFO] layer 19 attn_v    | r=16 r_eff=16 k=16 (all_effective) energy=1.0000 recon=9.36e-08 ortho=1.16e-14
2026-07-25 16:14:11,046 [INFO] layer 19 ffn_down  | r=16 r_eff=16 k=16 (all_effective) energy=1.0000 recon=9.06e-08 ortho=1.89e-14
2026-07-25 16:14:11,069 [INFO] layer 19 ffn_up    | r=16 r_eff=16 k=16 (all_effective) energy=1.0000 recon=8.39e-08 ortho=1.04e-14
2026-07-25 16:14:11,084 [INFO] layer 20 attn_k    | r=16 r_eff=16 k=16 (all_effective) energy=1.0000 recon=9.39e-08 ortho=1.01e-14
2026-07-25 16:14:11,098 [INFO] layer 20 attn_q    | r=16 r_eff=16 k=16 (all_effective) energy=1.0000 recon=8.72e-08 ortho=9.86e-15
2026-07-25 16:14:11,112 [INFO] layer 20 attn_v    | r=16 r_eff=16 k=16 (all_effective) energy=1.0000 recon=9.48e-08 ortho=1.40e-14
2026-07-25 16:14:11,138 [INFO] layer 20 ffn_down  | r=16 r_eff=16 k=16 (all_effective) energy=1.0000 recon=9.89e-08 ortho=1.43e-14
2026-07-25 16:14:11,161 [INFO] layer 20 ffn_up    | r=16 r_eff=16 k=16 (all_effective) energy=1.0000 recon=8.74e-08 ortho=8.36e-15
2026-07-25 16:14:11,175 [INFO] layer 21 attn_k    | r=16 r_eff=16 k=16 (all_effective) energy=1.0000 recon=7.47e-08 ortho=1.04e-14
2026-07-25 16:14:11,190 [INFO] layer 21 attn_q    | r=16 r_eff=16 k=16 (all_effective) energy=1.0000 recon=9.48e-08 ortho=1.05e-14
2026-07-25 16:14:11,204 [INFO] layer 21 attn_v    | r=16 r_eff=16 k=16 (all_effective) energy=1.0000 recon=8.29e-08 ortho=9.50e-15
2026-07-25 16:14:11,229 [INFO] layer 21 ffn_down  | r=16 r_eff=16 k=16 (all_effective) energy=1.0000 recon=1.09e-07 ortho=1.60e-14
2026-07-25 16:14:11,252 [INFO] layer 21 ffn_up    | r=16 r_eff=16 k=16 (all_effective) energy=1.0000 recon=9.69e-08 ortho=1.10e-14
2026-07-25 16:14:11,267 [INFO] layer 22 attn_k    | r=16 r_eff=16 k=16 (all_effective) energy=1.0000 recon=8.48e-08 ortho=8.48e-15
2026-07-25 16:14:11,281 [INFO] layer 22 attn_q    | r=16 r_eff=16 k=16 (all_effective) energy=1.0000 recon=9.09e-08 ortho=1.12e-14
2026-07-25 16:14:11,295 [INFO] layer 22 attn_v    | r=16 r_eff=16 k=16 (all_effective) energy=1.0000 recon=8.04e-08 ortho=1.20e-14
2026-07-25 16:14:11,321 [INFO] layer 22 ffn_down  | r=16 r_eff=16 k=16 (all_effective) energy=1.0000 recon=9.48e-08 ortho=1.97e-14
2026-07-25 16:14:11,344 [INFO] layer 22 ffn_up    | r=16 r_eff=16 k=16 (all_effective) energy=1.0000 recon=1.06e-07 ortho=1.09e-14
2026-07-25 16:14:11,358 [INFO] layer 23 attn_k    | r=16 r_eff=16 k=16 (all_effective) energy=1.0000 recon=7.41e-08 ortho=1.29e-14
2026-07-25 16:14:11,373 [INFO] layer 23 attn_q    | r=16 r_eff=16 k=16 (all_effective) energy=1.0000 recon=8.82e-08 ortho=1.34e-14
2026-07-25 16:14:11,387 [INFO] layer 23 attn_v    | r=16 r_eff=16 k=16 (all_effective) energy=1.0000 recon=9.73e-08 ortho=1.30e-14
2026-07-25 16:14:11,412 [INFO] layer 23 ffn_down  | r=16 r_eff=16 k=16 (all_effective) energy=1.0000 recon=1.26e-07 ortho=1.53e-14
2026-07-25 16:14:11,436 [INFO] layer 23 ffn_up    | r=16 r_eff=16 k=16 (all_effective) energy=1.0000 recon=9.93e-08 ortho=1.23e-14
2026-07-25 16:14:11,450 [INFO] layer 24 attn_k    | r=16 r_eff=16 k=16 (all_effective) energy=1.0000 recon=1.00e-07 ortho=1.19e-14
2026-07-25 16:14:11,465 [INFO] layer 24 attn_q    | r=16 r_eff=16 k=16 (all_effective) energy=1.0000 recon=9.19e-08 ortho=8.44e-15
2026-07-25 16:14:11,479 [INFO] layer 24 attn_v    | r=16 r_eff=16 k=16 (all_effective) energy=1.0000 recon=7.43e-08 ortho=1.28e-14
2026-07-25 16:14:11,504 [INFO] layer 24 ffn_down  | r=16 r_eff=16 k=16 (all_effective) energy=1.0000 recon=1.19e-07 ortho=9.88e-15
2026-07-25 16:14:11,527 [INFO] layer 24 ffn_up    | r=16 r_eff=16 k=16 (all_effective) energy=1.0000 recon=1.15e-07 ortho=1.19e-14
2026-07-25 16:14:11,543 [INFO] layer 25 attn_k    | r=16 r_eff=16 k=16 (all_effective) energy=1.0000 recon=9.07e-08 ortho=1.03e-14
2026-07-25 16:14:11,557 [INFO] layer 25 attn_q    | r=16 r_eff=16 k=16 (all_effective) energy=1.0000 recon=9.13e-08 ortho=1.12e-14
2026-07-25 16:14:11,572 [INFO] layer 25 attn_v    | r=16 r_eff=16 k=16 (all_effective) energy=1.0000 recon=8.10e-08 ortho=1.09e-14
2026-07-25 16:14:11,597 [INFO] layer 25 ffn_down  | r=16 r_eff=16 k=16 (all_effective) energy=1.0000 recon=1.33e-07 ortho=1.43e-14
2026-07-25 16:14:11,620 [INFO] layer 25 ffn_up    | r=16 r_eff=16 k=16 (all_effective) energy=1.0000 recon=1.04e-07 ortho=1.09e-14
2026-07-25 16:14:11,635 [INFO] layer 26 attn_k    | r=16 r_eff=16 k=16 (all_effective) energy=1.0000 recon=8.54e-08 ortho=1.09e-14
2026-07-25 16:14:11,649 [INFO] layer 26 attn_q    | r=16 r_eff=16 k=16 (all_effective) energy=1.0000 recon=5.95e-08 ortho=9.00e-15
2026-07-25 16:14:11,664 [INFO] layer 26 attn_v    | r=16 r_eff=16 k=16 (all_effective) energy=1.0000 recon=7.71e-08 ortho=1.09e-14
2026-07-25 16:14:11,689 [INFO] layer 26 ffn_down  | r=16 r_eff=16 k=16 (all_effective) energy=1.0000 recon=8.82e-08 ortho=1.58e-14
2026-07-25 16:14:11,712 [INFO] layer 26 ffn_up    | r=16 r_eff=16 k=16 (all_effective) energy=1.0000 recon=9.92e-08 ortho=1.37e-14
2026-07-25 16:14:11,727 [INFO] layer 27 attn_k    | r=16 r_eff=16 k=16 (all_effective) energy=1.0000 recon=9.28e-08 ortho=9.49e-15
2026-07-25 16:14:11,741 [INFO] layer 27 attn_q    | r=16 r_eff=16 k=16 (all_effective) energy=1.0000 recon=7.01e-08 ortho=1.01e-14
2026-07-25 16:14:11,756 [INFO] layer 27 attn_v    | r=16 r_eff=16 k=16 (all_effective) energy=1.0000 recon=9.39e-08 ortho=1.08e-14
2026-07-25 16:14:11,781 [INFO] layer 27 ffn_down  | r=16 r_eff=16 k=16 (all_effective) energy=1.0000 recon=7.62e-08 ortho=1.48e-14
2026-07-25 16:14:11,804 [INFO] layer 27 ffn_up    | r=16 r_eff=16 k=16 (all_effective) energy=1.0000 recon=1.01e-07 ortho=1.29e-14
2026-07-25 16:14:11,819 [INFO] layer 28 attn_k    | r=16 r_eff=16 k=16 (all_effective) energy=1.0000 recon=9.37e-08 ortho=1.47e-14
2026-07-25 16:14:11,833 [INFO] layer 28 attn_q    | r=16 r_eff=16 k=16 (all_effective) energy=1.0000 recon=9.58e-08 ortho=1.42e-14
2026-07-25 16:14:11,848 [INFO] layer 28 attn_v    | r=16 r_eff=16 k=16 (all_effective) energy=1.0000 recon=1.00e-07 ortho=1.26e-14
2026-07-25 16:14:11,873 [INFO] layer 28 ffn_down  | r=16 r_eff=16 k=16 (all_effective) energy=1.0000 recon=6.54e-08 ortho=1.00e-14
2026-07-25 16:14:11,896 [INFO] layer 28 ffn_up    | r=16 r_eff=16 k=16 (all_effective) energy=1.0000 recon=8.51e-08 ortho=1.17e-14
2026-07-25 16:14:11,911 [INFO] layer 29 attn_k    | r=16 r_eff=16 k=16 (all_effective) energy=1.0000 recon=7.64e-08 ortho=8.74e-15
2026-07-25 16:14:11,925 [INFO] layer 29 attn_q    | r=16 r_eff=16 k=16 (all_effective) energy=1.0000 recon=7.54e-08 ortho=9.39e-15
2026-07-25 16:14:11,939 [INFO] layer 29 attn_v    | r=16 r_eff=16 k=16 (all_effective) energy=1.0000 recon=8.38e-08 ortho=1.03e-14
2026-07-25 16:14:11,965 [INFO] layer 29 ffn_down  | r=16 r_eff=16 k=16 (all_effective) energy=1.0000 recon=9.17e-08 ortho=1.14e-14
2026-07-25 16:14:11,988 [INFO] layer 29 ffn_up    | r=16 r_eff=16 k=16 (all_effective) energy=1.0000 recon=9.41e-08 ortho=8.79e-15
2026-07-25 16:14:12,002 [INFO] layer 30 attn_k    | r=16 r_eff=16 k=16 (all_effective) energy=1.0000 recon=5.83e-08 ortho=1.18e-14
2026-07-25 16:14:12,017 [INFO] layer 30 attn_q    | r=16 r_eff=16 k=16 (all_effective) energy=1.0000 recon=7.04e-08 ortho=1.05e-14
2026-07-25 16:14:12,031 [INFO] layer 30 attn_v    | r=16 r_eff=16 k=16 (all_effective) energy=1.0000 recon=9.07e-08 ortho=9.92e-15
2026-07-25 16:14:12,056 [INFO] layer 30 ffn_down  | r=16 r_eff=16 k=16 (all_effective) energy=1.0000 recon=7.36e-08 ortho=1.01e-14
2026-07-25 16:14:12,080 [INFO] layer 30 ffn_up    | r=16 r_eff=16 k=16 (all_effective) energy=1.0000 recon=7.55e-08 ortho=9.10e-15
2026-07-25 16:14:12,094 [INFO] layer 31 attn_k    | r=16 r_eff=16 k=16 (all_effective) energy=1.0000 recon=4.08e-08 ortho=1.16e-14
2026-07-25 16:14:12,108 [INFO] layer 31 attn_q    | r=16 r_eff=16 k=16 (all_effective) energy=1.0000 recon=3.34e-08 ortho=1.15e-14
2026-07-25 16:14:12,123 [INFO] layer 31 attn_v    | r=16 r_eff=16 k=16 (all_effective) energy=1.0000 recon=1.02e-07 ortho=1.20e-14
2026-07-25 16:14:12,148 [INFO] layer 31 ffn_down  | r=16 r_eff=16 k=16 (all_effective) energy=1.0000 recon=1.14e-07 ortho=1.31e-14
2026-07-25 16:14:12,171 [INFO] layer 31 ffn_up    | r=16 r_eff=16 k=16 (all_effective) energy=1.0000 recon=1.03e-07 ortho=1.39e-14
2026-07-25 16:14:12,177 [INFO] ======================================================================
2026-07-25 16:14:12,177 [INFO] ✓ 160 modules → outputs/adapter_subspace_lora/subspaces/all_effective
2026-07-25 16:14:12,177 [INFO]   protected_k: min=16 max=16 mean=16.00
2026-07-25 16:14:12,177 [INFO]   max reconstruction error : 1.413e-07
2026-07-25 16:14:12,177 [INFO]   max orthogonality error  : 1.965e-14
2026-07-25 16:14:12,177 [INFO] ======================================================================
[1:topk8] building Q_S  --adapter_subspace_top_k 8
2026-07-25 16:14:13,424 [INFO] safety adapter: r=16 alpha=32.0 scaling=2.000000 target_modules(cfg)=['v_proj', 'q_proj', 'k_proj', 'down_proj', 'up_proj']
2026-07-25 16:14:13,827 [INFO]   [dense check] layer 0 attn_k: lowrank=6.889e-08 dense=6.902e-08
2026-07-25 16:14:13,829 [INFO] layer  0 attn_k    | r=16 r_eff=16 k=8 (top_k) energy=0.9813 recon=6.89e-08 ortho=8.44e-15
2026-07-25 16:14:13,843 [INFO]   [dense check] layer 0 attn_q: lowrank=9.371e-08 dense=6.900e-08
2026-07-25 16:14:13,844 [INFO] layer  0 attn_q    | r=16 r_eff=16 k=8 (top_k) energy=0.9568 recon=9.37e-08 ortho=4.96e-15
2026-07-25 16:14:13,859 [INFO] layer  0 attn_v    | r=16 r_eff=16 k=8 (top_k) energy=0.9968 recon=6.38e-08 ortho=8.33e-15
2026-07-25 16:14:13,884 [INFO] layer  0 ffn_down  | r=16 r_eff=16 k=8 (top_k) energy=0.9640 recon=1.09e-07 ortho=1.19e-14
2026-07-25 16:14:13,907 [INFO] layer  0 ffn_up    | r=16 r_eff=16 k=8 (top_k) energy=0.9711 recon=6.69e-08 ortho=8.03e-15
2026-07-25 16:14:13,922 [INFO] layer  1 attn_k    | r=16 r_eff=16 k=8 (top_k) energy=0.9096 recon=9.50e-08 ortho=9.25e-15
2026-07-25 16:14:13,936 [INFO] layer  1 attn_q    | r=16 r_eff=16 k=8 (top_k) energy=0.9628 recon=8.72e-08 ortho=5.35e-15
2026-07-25 16:14:13,950 [INFO] layer  1 attn_v    | r=16 r_eff=16 k=8 (top_k) energy=0.9970 recon=7.43e-08 ortho=9.89e-15
2026-07-25 16:14:13,975 [INFO] layer  1 ffn_down  | r=16 r_eff=16 k=8 (top_k) energy=0.9996 recon=9.11e-08 ortho=1.16e-14
2026-07-25 16:14:13,999 [INFO] layer  1 ffn_up    | r=16 r_eff=16 k=8 (top_k) energy=0.9328 recon=1.07e-07 ortho=1.14e-14
2026-07-25 16:14:14,013 [INFO] layer  2 attn_k    | r=16 r_eff=16 k=8 (top_k) energy=0.9347 recon=1.01e-07 ortho=1.13e-14
2026-07-25 16:14:14,027 [INFO] layer  2 attn_q    | r=16 r_eff=16 k=8 (top_k) energy=0.9503 recon=9.66e-08 ortho=1.10e-14
2026-07-25 16:14:14,042 [INFO] layer  2 attn_v    | r=16 r_eff=16 k=8 (top_k) energy=0.9816 recon=8.10e-08 ortho=8.76e-15
2026-07-25 16:14:14,067 [INFO] layer  2 ffn_down  | r=16 r_eff=16 k=8 (top_k) energy=0.8659 recon=1.32e-07 ortho=8.69e-15
2026-07-25 16:14:14,090 [INFO] layer  2 ffn_up    | r=16 r_eff=16 k=8 (top_k) energy=0.8993 recon=1.08e-07 ortho=7.67e-15
2026-07-25 16:14:14,105 [INFO] layer  3 attn_k    | r=16 r_eff=16 k=8 (top_k) energy=0.8752 recon=9.53e-08 ortho=6.43e-15
2026-07-25 16:14:14,119 [INFO] layer  3 attn_q    | r=16 r_eff=16 k=8 (top_k) energy=0.8416 recon=9.47e-08 ortho=7.95e-15
2026-07-25 16:14:14,133 [INFO] layer  3 attn_v    | r=16 r_eff=16 k=8 (top_k) energy=0.9782 recon=8.98e-08 ortho=6.15e-15
2026-07-25 16:14:14,158 [INFO] layer  3 ffn_down  | r=16 r_eff=16 k=8 (top_k) energy=0.8627 recon=1.33e-07 ortho=7.96e-15
2026-07-25 16:14:14,181 [INFO] layer  3 ffn_up    | r=16 r_eff=16 k=8 (top_k) energy=0.8020 recon=1.30e-07 ortho=6.09e-15
2026-07-25 16:14:14,196 [INFO] layer  4 attn_k    | r=16 r_eff=16 k=8 (top_k) energy=0.9131 recon=8.55e-08 ortho=8.80e-15
2026-07-25 16:14:14,210 [INFO] layer  4 attn_q    | r=16 r_eff=16 k=8 (top_k) energy=0.9511 recon=8.08e-08 ortho=5.53e-15
2026-07-25 16:14:14,225 [INFO] layer  4 attn_v    | r=16 r_eff=16 k=8 (top_k) energy=0.9822 recon=8.73e-08 ortho=8.60e-15
2026-07-25 16:14:14,250 [INFO] layer  4 ffn_down  | r=16 r_eff=16 k=8 (top_k) energy=0.9272 recon=1.20e-07 ortho=7.36e-15
2026-07-25 16:14:14,273 [INFO] layer  4 ffn_up    | r=16 r_eff=16 k=8 (top_k) energy=0.9150 recon=1.28e-07 ortho=1.18e-14
2026-07-25 16:14:14,287 [INFO] layer  5 attn_k    | r=16 r_eff=16 k=8 (top_k) energy=0.8801 recon=9.64e-08 ortho=5.61e-15
2026-07-25 16:14:14,302 [INFO] layer  5 attn_q    | r=16 r_eff=16 k=8 (top_k) energy=0.8685 recon=1.02e-07 ortho=7.12e-15
2026-07-25 16:14:14,316 [INFO] layer  5 attn_v    | r=16 r_eff=16 k=8 (top_k) energy=0.9785 recon=9.26e-08 ortho=6.26e-15
2026-07-25 16:14:14,341 [INFO] layer  5 ffn_down  | r=16 r_eff=16 k=8 (top_k) energy=0.8648 recon=1.41e-07 ortho=1.15e-14
2026-07-25 16:14:14,364 [INFO] layer  5 ffn_up    | r=16 r_eff=16 k=8 (top_k) energy=0.9026 recon=9.80e-08 ortho=7.14e-15
2026-07-25 16:14:14,379 [INFO] layer  6 attn_k    | r=16 r_eff=16 k=8 (top_k) energy=0.9610 recon=8.44e-08 ortho=9.01e-15
2026-07-25 16:14:14,393 [INFO] layer  6 attn_q    | r=16 r_eff=16 k=8 (top_k) energy=0.9414 recon=7.91e-08 ortho=5.93e-15
2026-07-25 16:14:14,408 [INFO] layer  6 attn_v    | r=16 r_eff=16 k=8 (top_k) energy=0.9783 recon=7.97e-08 ortho=7.03e-15
2026-07-25 16:14:14,433 [INFO] layer  6 ffn_down  | r=16 r_eff=16 k=8 (top_k) energy=0.9289 recon=1.23e-07 ortho=6.08e-15
2026-07-25 16:14:14,456 [INFO] layer  6 ffn_up    | r=16 r_eff=16 k=8 (top_k) energy=0.9295 recon=1.07e-07 ortho=7.81e-15
2026-07-25 16:14:14,471 [INFO] layer  7 attn_k    | r=16 r_eff=16 k=8 (top_k) energy=0.9238 recon=8.25e-08 ortho=6.42e-15
2026-07-25 16:14:14,485 [INFO] layer  7 attn_q    | r=16 r_eff=16 k=8 (top_k) energy=0.9258 recon=8.09e-08 ortho=5.40e-15
2026-07-25 16:14:14,499 [INFO] layer  7 attn_v    | r=16 r_eff=16 k=8 (top_k) energy=0.9650 recon=9.35e-08 ortho=6.43e-15
2026-07-25 16:14:14,525 [INFO] layer  7 ffn_down  | r=16 r_eff=16 k=8 (top_k) energy=0.9536 recon=1.25e-07 ortho=8.83e-15
2026-07-25 16:14:14,548 [INFO] layer  7 ffn_up    | r=16 r_eff=16 k=8 (top_k) energy=0.8834 recon=1.09e-07 ortho=5.07e-15
2026-07-25 16:14:14,562 [INFO] layer  8 attn_k    | r=16 r_eff=16 k=8 (top_k) energy=0.9548 recon=7.77e-08 ortho=9.64e-15
2026-07-25 16:14:14,577 [INFO] layer  8 attn_q    | r=16 r_eff=16 k=8 (top_k) energy=0.9455 recon=9.03e-08 ortho=1.04e-14
2026-07-25 16:14:14,591 [INFO] layer  8 attn_v    | r=16 r_eff=16 k=8 (top_k) energy=0.9664 recon=6.93e-08 ortho=7.26e-15
2026-07-25 16:14:14,616 [INFO] layer  8 ffn_down  | r=16 r_eff=16 k=8 (top_k) energy=0.9555 recon=1.14e-07 ortho=9.01e-15
2026-07-25 16:14:14,640 [INFO] layer  8 ffn_up    | r=16 r_eff=16 k=8 (top_k) energy=0.9211 recon=7.66e-08 ortho=6.56e-15
2026-07-25 16:14:14,654 [INFO] layer  9 attn_k    | r=16 r_eff=16 k=8 (top_k) energy=0.9679 recon=8.16e-08 ortho=4.69e-15
2026-07-25 16:14:14,668 [INFO] layer  9 attn_q    | r=16 r_eff=16 k=8 (top_k) energy=0.9582 recon=8.37e-08 ortho=5.60e-15
2026-07-25 16:14:14,683 [INFO] layer  9 attn_v    | r=16 r_eff=16 k=8 (top_k) energy=0.9685 recon=7.48e-08 ortho=8.24e-15
2026-07-25 16:14:14,708 [INFO] layer  9 ffn_down  | r=16 r_eff=16 k=8 (top_k) energy=0.9534 recon=1.15e-07 ortho=1.19e-14
2026-07-25 16:14:14,731 [INFO] layer  9 ffn_up    | r=16 r_eff=16 k=8 (top_k) energy=0.9459 recon=9.45e-08 ortho=7.15e-15
2026-07-25 16:14:14,746 [INFO] layer 10 attn_k    | r=16 r_eff=16 k=8 (top_k) energy=0.8786 recon=1.04e-07 ortho=1.05e-14
2026-07-25 16:14:14,760 [INFO] layer 10 attn_q    | r=16 r_eff=16 k=8 (top_k) energy=0.9051 recon=1.05e-07 ortho=6.08e-15
2026-07-25 16:14:14,775 [INFO] layer 10 attn_v    | r=16 r_eff=16 k=8 (top_k) energy=0.9679 recon=8.11e-08 ortho=8.62e-15
2026-07-25 16:14:14,800 [INFO] layer 10 ffn_down  | r=16 r_eff=16 k=8 (top_k) energy=0.9759 recon=8.54e-08 ortho=8.10e-15
2026-07-25 16:14:14,823 [INFO] layer 10 ffn_up    | r=16 r_eff=16 k=8 (top_k) energy=0.9522 recon=8.78e-08 ortho=6.56e-15
2026-07-25 16:14:14,837 [INFO] layer 11 attn_k    | r=16 r_eff=16 k=8 (top_k) energy=0.9118 recon=9.74e-08 ortho=7.36e-15
2026-07-25 16:14:14,852 [INFO] layer 11 attn_q    | r=16 r_eff=16 k=8 (top_k) energy=0.9426 recon=8.74e-08 ortho=4.61e-15
2026-07-25 16:14:14,866 [INFO] layer 11 attn_v    | r=16 r_eff=16 k=8 (top_k) energy=0.9667 recon=8.35e-08 ortho=7.65e-15
2026-07-25 16:14:14,891 [INFO] layer 11 ffn_down  | r=16 r_eff=16 k=8 (top_k) energy=0.9699 recon=8.44e-08 ortho=5.78e-15
2026-07-25 16:14:14,914 [INFO] layer 11 ffn_up    | r=16 r_eff=16 k=8 (top_k) energy=0.9492 recon=8.11e-08 ortho=5.80e-15
2026-07-25 16:14:14,929 [INFO] layer 12 attn_k    | r=16 r_eff=16 k=8 (top_k) energy=0.9224 recon=9.31e-08 ortho=7.47e-15
2026-07-25 16:14:14,943 [INFO] layer 12 attn_q    | r=16 r_eff=16 k=8 (top_k) energy=0.8718 recon=9.72e-08 ortho=6.14e-15
2026-07-25 16:14:14,957 [INFO] layer 12 attn_v    | r=16 r_eff=16 k=8 (top_k) energy=0.9621 recon=9.16e-08 ortho=6.37e-15
2026-07-25 16:14:14,982 [INFO] layer 12 ffn_down  | r=16 r_eff=16 k=8 (top_k) energy=0.9778 recon=1.23e-07 ortho=1.21e-14
2026-07-25 16:14:15,005 [INFO] layer 12 ffn_up    | r=16 r_eff=16 k=8 (top_k) energy=0.9478 recon=1.05e-07 ortho=9.91e-15
2026-07-25 16:14:15,020 [INFO] layer 13 attn_k    | r=16 r_eff=16 k=8 (top_k) energy=0.9492 recon=9.23e-08 ortho=9.47e-15
2026-07-25 16:14:15,034 [INFO] layer 13 attn_q    | r=16 r_eff=16 k=8 (top_k) energy=0.9368 recon=7.91e-08 ortho=6.67e-15
2026-07-25 16:14:15,048 [INFO] layer 13 attn_v    | r=16 r_eff=16 k=8 (top_k) energy=0.9651 recon=7.20e-08 ortho=4.92e-15
2026-07-25 16:14:15,073 [INFO] layer 13 ffn_down  | r=16 r_eff=16 k=8 (top_k) energy=0.9677 recon=1.05e-07 ortho=6.19e-15
2026-07-25 16:14:15,097 [INFO] layer 13 ffn_up    | r=16 r_eff=16 k=8 (top_k) energy=0.9700 recon=1.06e-07 ortho=7.53e-15
2026-07-25 16:14:15,111 [INFO] layer 14 attn_k    | r=16 r_eff=16 k=8 (top_k) energy=0.9080 recon=1.05e-07 ortho=1.04e-14
2026-07-25 16:14:15,125 [INFO] layer 14 attn_q    | r=16 r_eff=16 k=8 (top_k) energy=0.8868 recon=8.75e-08 ortho=8.14e-15
2026-07-25 16:14:15,140 [INFO] layer 14 attn_v    | r=16 r_eff=16 k=8 (top_k) energy=0.9619 recon=8.66e-08 ortho=1.06e-14
2026-07-25 16:14:15,165 [INFO] layer 14 ffn_down  | r=16 r_eff=16 k=8 (top_k) energy=0.9777 recon=1.07e-07 ortho=1.22e-14
2026-07-25 16:14:15,188 [INFO] layer 14 ffn_up    | r=16 r_eff=16 k=8 (top_k) energy=0.9495 recon=1.10e-07 ortho=7.90e-15
2026-07-25 16:14:15,202 [INFO] layer 15 attn_k    | r=16 r_eff=16 k=8 (top_k) energy=0.9651 recon=9.15e-08 ortho=4.97e-15
2026-07-25 16:14:15,217 [INFO] layer 15 attn_q    | r=16 r_eff=16 k=8 (top_k) energy=0.9679 recon=8.49e-08 ortho=7.59e-15
2026-07-25 16:14:15,231 [INFO] layer 15 attn_v    | r=16 r_eff=16 k=8 (top_k) energy=0.9718 recon=9.58e-08 ortho=9.97e-15
2026-07-25 16:14:15,256 [INFO] layer 15 ffn_down  | r=16 r_eff=16 k=8 (top_k) energy=0.9725 recon=1.07e-07 ortho=1.00e-14
2026-07-25 16:14:15,280 [INFO] layer 15 ffn_up    | r=16 r_eff=16 k=8 (top_k) energy=0.9740 recon=1.01e-07 ortho=6.72e-15
2026-07-25 16:14:15,294 [INFO] layer 16 attn_k    | r=16 r_eff=16 k=8 (top_k) energy=0.9314 recon=8.42e-08 ortho=8.42e-15
2026-07-25 16:14:15,308 [INFO] layer 16 attn_q    | r=16 r_eff=16 k=8 (top_k) energy=0.9563 recon=8.98e-08 ortho=7.47e-15
2026-07-25 16:14:15,323 [INFO] layer 16 attn_v    | r=16 r_eff=16 k=8 (top_k) energy=0.9615 recon=9.69e-08 ortho=1.00e-14
2026-07-25 16:14:15,348 [INFO] layer 16 ffn_down  | r=16 r_eff=16 k=8 (top_k) energy=0.9764 recon=1.14e-07 ortho=8.98e-15
2026-07-25 16:14:15,371 [INFO] layer 16 ffn_up    | r=16 r_eff=16 k=8 (top_k) energy=0.9836 recon=8.30e-08 ortho=6.16e-15
2026-07-25 16:14:15,385 [INFO] layer 17 attn_k    | r=16 r_eff=16 k=8 (top_k) energy=0.9833 recon=5.45e-08 ortho=4.32e-15
2026-07-25 16:14:15,400 [INFO] layer 17 attn_q    | r=16 r_eff=16 k=8 (top_k) energy=0.9847 recon=9.51e-08 ortho=7.55e-15
2026-07-25 16:14:15,414 [INFO] layer 17 attn_v    | r=16 r_eff=16 k=8 (top_k) energy=0.9633 recon=6.33e-08 ortho=6.65e-15
2026-07-25 16:14:15,439 [INFO] layer 17 ffn_down  | r=16 r_eff=16 k=8 (top_k) energy=0.9618 recon=9.71e-08 ortho=1.04e-14
2026-07-25 16:14:15,462 [INFO] layer 17 ffn_up    | r=16 r_eff=16 k=8 (top_k) energy=0.9691 recon=1.21e-07 ortho=1.00e-14
2026-07-25 16:14:15,476 [INFO] layer 18 attn_k    | r=16 r_eff=16 k=8 (top_k) energy=0.9200 recon=8.76e-08 ortho=1.07e-14
2026-07-25 16:14:15,491 [INFO] layer 18 attn_q    | r=16 r_eff=16 k=8 (top_k) energy=0.9331 recon=9.18e-08 ortho=8.44e-15
2026-07-25 16:14:15,505 [INFO] layer 18 attn_v    | r=16 r_eff=16 k=8 (top_k) energy=0.9740 recon=8.84e-08 ortho=7.00e-15
2026-07-25 16:14:15,530 [INFO] layer 18 ffn_down  | r=16 r_eff=16 k=8 (top_k) energy=0.9713 recon=1.22e-07 ortho=9.86e-15
2026-07-25 16:14:15,553 [INFO] layer 18 ffn_up    | r=16 r_eff=16 k=8 (top_k) energy=0.9831 recon=6.71e-08 ortho=8.33e-15
2026-07-25 16:14:15,568 [INFO] layer 19 attn_k    | r=16 r_eff=16 k=8 (top_k) energy=0.9282 recon=9.92e-08 ortho=7.48e-15
2026-07-25 16:14:15,582 [INFO] layer 19 attn_q    | r=16 r_eff=16 k=8 (top_k) energy=0.9191 recon=9.57e-08 ortho=7.68e-15
2026-07-25 16:14:15,596 [INFO] layer 19 attn_v    | r=16 r_eff=16 k=8 (top_k) energy=0.9638 recon=9.36e-08 ortho=9.01e-15
2026-07-25 16:14:15,622 [INFO] layer 19 ffn_down  | r=16 r_eff=16 k=8 (top_k) energy=0.9616 recon=9.06e-08 ortho=1.11e-14
2026-07-25 16:14:15,645 [INFO] layer 19 ffn_up    | r=16 r_eff=16 k=8 (top_k) energy=0.9696 recon=8.39e-08 ortho=8.27e-15
2026-07-25 16:14:15,659 [INFO] layer 20 attn_k    | r=16 r_eff=16 k=8 (top_k) energy=0.9080 recon=9.39e-08 ortho=6.31e-15
2026-07-25 16:14:15,674 [INFO] layer 20 attn_q    | r=16 r_eff=16 k=8 (top_k) energy=0.9796 recon=8.72e-08 ortho=8.27e-15
2026-07-25 16:14:15,688 [INFO] layer 20 attn_v    | r=16 r_eff=16 k=8 (top_k) energy=0.9746 recon=9.48e-08 ortho=9.88e-15
2026-07-25 16:14:15,713 [INFO] layer 20 ffn_down  | r=16 r_eff=16 k=8 (top_k) energy=0.9525 recon=9.89e-08 ortho=1.13e-14
2026-07-25 16:14:15,736 [INFO] layer 20 ffn_up    | r=16 r_eff=16 k=8 (top_k) energy=0.9802 recon=8.74e-08 ortho=7.08e-15
2026-07-25 16:14:15,751 [INFO] layer 21 attn_k    | r=16 r_eff=16 k=8 (top_k) energy=0.9101 recon=7.47e-08 ortho=8.02e-15
2026-07-25 16:14:15,765 [INFO] layer 21 attn_q    | r=16 r_eff=16 k=8 (top_k) energy=0.9444 recon=9.48e-08 ortho=8.18e-15
2026-07-25 16:14:15,779 [INFO] layer 21 attn_v    | r=16 r_eff=16 k=8 (top_k) energy=0.9832 recon=8.29e-08 ortho=5.56e-15
2026-07-25 16:14:15,804 [INFO] layer 21 ffn_down  | r=16 r_eff=16 k=8 (top_k) energy=0.9592 recon=1.09e-07 ortho=1.23e-14
2026-07-25 16:14:15,827 [INFO] layer 21 ffn_up    | r=16 r_eff=16 k=8 (top_k) energy=0.9756 recon=9.69e-08 ortho=6.85e-15
2026-07-25 16:14:15,842 [INFO] layer 22 attn_k    | r=16 r_eff=16 k=8 (top_k) energy=0.9597 recon=8.48e-08 ortho=6.62e-15
2026-07-25 16:14:15,856 [INFO] layer 22 attn_q    | r=16 r_eff=16 k=8 (top_k) energy=0.9534 recon=9.09e-08 ortho=7.64e-15
2026-07-25 16:14:15,870 [INFO] layer 22 attn_v    | r=16 r_eff=16 k=8 (top_k) energy=0.9584 recon=8.04e-08 ortho=6.57e-15
2026-07-25 16:14:15,896 [INFO] layer 22 ffn_down  | r=16 r_eff=16 k=8 (top_k) energy=0.9268 recon=9.48e-08 ortho=1.35e-14
2026-07-25 16:14:15,919 [INFO] layer 22 ffn_up    | r=16 r_eff=16 k=8 (top_k) energy=0.9796 recon=1.06e-07 ortho=7.49e-15
2026-07-25 16:14:15,933 [INFO] layer 23 attn_k    | r=16 r_eff=16 k=8 (top_k) energy=0.9412 recon=7.41e-08 ortho=7.61e-15
2026-07-25 16:14:15,947 [INFO] layer 23 attn_q    | r=16 r_eff=16 k=8 (top_k) energy=0.9666 recon=8.82e-08 ortho=9.28e-15
2026-07-25 16:14:15,962 [INFO] layer 23 attn_v    | r=16 r_eff=16 k=8 (top_k) energy=0.9625 recon=9.73e-08 ortho=7.26e-15
2026-07-25 16:14:15,987 [INFO] layer 23 ffn_down  | r=16 r_eff=16 k=8 (top_k) energy=0.8997 recon=1.26e-07 ortho=1.01e-14
2026-07-25 16:14:16,010 [INFO] layer 23 ffn_up    | r=16 r_eff=16 k=8 (top_k) energy=0.9718 recon=9.93e-08 ortho=8.04e-15
2026-07-25 16:14:16,025 [INFO] layer 24 attn_k    | r=16 r_eff=16 k=8 (top_k) energy=0.8896 recon=1.00e-07 ortho=8.07e-15
2026-07-25 16:14:16,039 [INFO] layer 24 attn_q    | r=16 r_eff=16 k=8 (top_k) energy=0.9723 recon=9.19e-08 ortho=5.33e-15
2026-07-25 16:14:16,053 [INFO] layer 24 attn_v    | r=16 r_eff=16 k=8 (top_k) energy=0.9683 recon=7.43e-08 ortho=9.67e-15
2026-07-25 16:14:16,078 [INFO] layer 24 ffn_down  | r=16 r_eff=16 k=8 (top_k) energy=0.9170 recon=1.19e-07 ortho=8.20e-15
2026-07-25 16:14:16,102 [INFO] layer 24 ffn_up    | r=16 r_eff=16 k=8 (top_k) energy=0.9732 recon=1.15e-07 ortho=9.01e-15
2026-07-25 16:14:16,117 [INFO] layer 25 attn_k    | r=16 r_eff=16 k=8 (top_k) energy=0.9487 recon=9.07e-08 ortho=7.76e-15
2026-07-25 16:14:16,131 [INFO] layer 25 attn_q    | r=16 r_eff=16 k=8 (top_k) energy=0.9509 recon=9.13e-08 ortho=7.14e-15
2026-07-25 16:14:16,146 [INFO] layer 25 attn_v    | r=16 r_eff=16 k=8 (top_k) energy=0.9805 recon=8.10e-08 ortho=8.00e-15
2026-07-25 16:14:16,171 [INFO] layer 25 ffn_down  | r=16 r_eff=16 k=8 (top_k) energy=0.9040 recon=1.33e-07 ortho=6.18e-15
2026-07-25 16:14:16,194 [INFO] layer 25 ffn_up    | r=16 r_eff=16 k=8 (top_k) energy=0.9862 recon=1.04e-07 ortho=8.24e-15
2026-07-25 16:14:16,208 [INFO] layer 26 attn_k    | r=16 r_eff=16 k=8 (top_k) energy=0.9722 recon=8.54e-08 ortho=8.10e-15
2026-07-25 16:14:16,223 [INFO] layer 26 attn_q    | r=16 r_eff=16 k=8 (top_k) energy=0.9727 recon=5.95e-08 ortho=5.02e-15
2026-07-25 16:14:16,237 [INFO] layer 26 attn_v    | r=16 r_eff=16 k=8 (top_k) energy=0.9819 recon=7.71e-08 ortho=8.98e-15
2026-07-25 16:14:16,262 [INFO] layer 26 ffn_down  | r=16 r_eff=16 k=8 (top_k) energy=0.9707 recon=8.82e-08 ortho=1.07e-14
2026-07-25 16:14:16,286 [INFO] layer 26 ffn_up    | r=16 r_eff=16 k=8 (top_k) energy=0.9718 recon=9.92e-08 ortho=9.83e-15
2026-07-25 16:14:16,300 [INFO] layer 27 attn_k    | r=16 r_eff=16 k=8 (top_k) energy=0.9578 recon=9.28e-08 ortho=7.04e-15
2026-07-25 16:14:16,314 [INFO] layer 27 attn_q    | r=16 r_eff=16 k=8 (top_k) energy=0.9590 recon=7.01e-08 ortho=7.34e-15
2026-07-25 16:14:16,329 [INFO] layer 27 attn_v    | r=16 r_eff=16 k=8 (top_k) energy=0.9752 recon=9.39e-08 ortho=7.61e-15
2026-07-25 16:14:16,354 [INFO] layer 27 ffn_down  | r=16 r_eff=16 k=8 (top_k) energy=0.9764 recon=7.62e-08 ortho=8.05e-15
2026-07-25 16:14:16,377 [INFO] layer 27 ffn_up    | r=16 r_eff=16 k=8 (top_k) energy=0.9676 recon=1.01e-07 ortho=1.02e-14
2026-07-25 16:14:16,391 [INFO] layer 28 attn_k    | r=16 r_eff=16 k=8 (top_k) energy=0.9632 recon=9.37e-08 ortho=9.64e-15
2026-07-25 16:14:16,406 [INFO] layer 28 attn_q    | r=16 r_eff=16 k=8 (top_k) energy=0.9461 recon=9.58e-08 ortho=9.44e-15
2026-07-25 16:14:16,420 [INFO] layer 28 attn_v    | r=16 r_eff=16 k=8 (top_k) energy=0.9637 recon=1.00e-07 ortho=1.01e-14
2026-07-25 16:14:16,445 [INFO] layer 28 ffn_down  | r=16 r_eff=16 k=8 (top_k) energy=0.9899 recon=6.54e-08 ortho=5.53e-15
2026-07-25 16:14:16,468 [INFO] layer 28 ffn_up    | r=16 r_eff=16 k=8 (top_k) energy=0.9814 recon=8.51e-08 ortho=8.26e-15
2026-07-25 16:14:16,483 [INFO] layer 29 attn_k    | r=16 r_eff=16 k=8 (top_k) energy=0.9432 recon=7.64e-08 ortho=6.38e-15
2026-07-25 16:14:16,497 [INFO] layer 29 attn_q    | r=16 r_eff=16 k=8 (top_k) energy=0.9526 recon=7.54e-08 ortho=7.15e-15
2026-07-25 16:14:16,511 [INFO] layer 29 attn_v    | r=16 r_eff=16 k=8 (top_k) energy=0.9734 recon=8.38e-08 ortho=6.45e-15
2026-07-25 16:14:16,536 [INFO] layer 29 ffn_down  | r=16 r_eff=16 k=8 (top_k) energy=0.9930 recon=9.17e-08 ortho=7.21e-15
2026-07-25 16:14:16,560 [INFO] layer 29 ffn_up    | r=16 r_eff=16 k=8 (top_k) energy=0.9865 recon=9.41e-08 ortho=5.49e-15
2026-07-25 16:14:16,574 [INFO] layer 30 attn_k    | r=16 r_eff=16 k=8 (top_k) energy=0.9700 recon=5.83e-08 ortho=8.49e-15
2026-07-25 16:14:16,588 [INFO] layer 30 attn_q    | r=16 r_eff=16 k=8 (top_k) energy=0.9788 recon=7.04e-08 ortho=7.73e-15
2026-07-25 16:14:16,603 [INFO] layer 30 attn_v    | r=16 r_eff=16 k=8 (top_k) energy=0.9667 recon=9.07e-08 ortho=6.16e-15
2026-07-25 16:14:16,628 [INFO] layer 30 ffn_down  | r=16 r_eff=16 k=8 (top_k) energy=0.9984 recon=7.36e-08 ortho=6.15e-15
2026-07-25 16:14:16,651 [INFO] layer 30 ffn_up    | r=16 r_eff=16 k=8 (top_k) energy=0.9921 recon=7.55e-08 ortho=5.54e-15
2026-07-25 16:14:16,665 [INFO] layer 31 attn_k    | r=16 r_eff=16 k=8 (top_k) energy=0.9719 recon=4.08e-08 ortho=8.11e-15
2026-07-25 16:14:16,680 [INFO] layer 31 attn_q    | r=16 r_eff=16 k=8 (top_k) energy=0.9885 recon=3.34e-08 ortho=8.28e-15
2026-07-25 16:14:16,694 [INFO] layer 31 attn_v    | r=16 r_eff=16 k=8 (top_k) energy=0.9879 recon=1.02e-07 ortho=1.02e-14
2026-07-25 16:14:16,719 [INFO] layer 31 ffn_down  | r=16 r_eff=16 k=8 (top_k) energy=0.9788 recon=1.14e-07 ortho=9.27e-15
2026-07-25 16:14:16,743 [INFO] layer 31 ffn_up    | r=16 r_eff=16 k=8 (top_k) energy=0.9589 recon=1.03e-07 ortho=9.79e-15
2026-07-25 16:14:16,748 [INFO] ======================================================================
2026-07-25 16:14:16,748 [INFO] ✓ 160 modules → outputs/adapter_subspace_lora/subspaces/topk8
2026-07-25 16:14:16,748 [INFO]   protected_k: min=8 max=8 mean=8.00
2026-07-25 16:14:16,748 [INFO]   max reconstruction error : 1.413e-07
2026-07-25 16:14:16,748 [INFO]   max orthogonality error  : 1.353e-14
2026-07-25 16:14:16,748 [INFO] ======================================================================
[1:topk4] building Q_S  --adapter_subspace_top_k 4
2026-07-25 16:14:17,990 [INFO] safety adapter: r=16 alpha=32.0 scaling=2.000000 target_modules(cfg)=['v_proj', 'q_proj', 'k_proj', 'down_proj', 'up_proj']
2026-07-25 16:14:18,391 [INFO]   [dense check] layer 0 attn_k: lowrank=6.889e-08 dense=6.902e-08
2026-07-25 16:14:18,392 [INFO] layer  0 attn_k    | r=16 r_eff=16 k=4 (top_k) energy=0.9356 recon=6.89e-08 ortho=7.21e-15
2026-07-25 16:14:18,407 [INFO]   [dense check] layer 0 attn_q: lowrank=9.371e-08 dense=6.900e-08
2026-07-25 16:14:18,408 [INFO] layer  0 attn_q    | r=16 r_eff=16 k=4 (top_k) energy=0.8729 recon=9.37e-08 ortho=2.31e-15
2026-07-25 16:14:18,422 [INFO] layer  0 attn_v    | r=16 r_eff=16 k=4 (top_k) energy=0.9862 recon=6.38e-08 ortho=3.78e-15
2026-07-25 16:14:18,447 [INFO] layer  0 ffn_down  | r=16 r_eff=16 k=4 (top_k) energy=0.9077 recon=1.09e-07 ortho=7.30e-15
2026-07-25 16:14:18,471 [INFO] layer  0 ffn_up    | r=16 r_eff=16 k=4 (top_k) energy=0.9428 recon=6.69e-08 ortho=7.56e-15
2026-07-25 16:14:18,485 [INFO] layer  1 attn_k    | r=16 r_eff=16 k=4 (top_k) energy=0.7632 recon=9.50e-08 ortho=2.40e-15
2026-07-25 16:14:18,499 [INFO] layer  1 attn_q    | r=16 r_eff=16 k=4 (top_k) energy=0.9108 recon=8.72e-08 ortho=4.37e-15
2026-07-25 16:14:18,513 [INFO] layer  1 attn_v    | r=16 r_eff=16 k=4 (top_k) energy=0.9910 recon=7.43e-08 ortho=2.81e-15
2026-07-25 16:14:18,538 [INFO] layer  1 ffn_down  | r=16 r_eff=16 k=4 (top_k) energy=0.9983 recon=9.11e-08 ortho=7.34e-15
2026-07-25 16:14:18,562 [INFO] layer  1 ffn_up    | r=16 r_eff=16 k=4 (top_k) energy=0.8582 recon=1.07e-07 ortho=9.36e-15
2026-07-25 16:14:18,576 [INFO] layer  2 attn_k    | r=16 r_eff=16 k=4 (top_k) energy=0.8484 recon=1.01e-07 ortho=8.74e-15
2026-07-25 16:14:18,590 [INFO] layer  2 attn_q    | r=16 r_eff=16 k=4 (top_k) energy=0.8883 recon=9.66e-08 ortho=7.84e-15
2026-07-25 16:14:18,605 [INFO] layer  2 attn_v    | r=16 r_eff=16 k=4 (top_k) energy=0.9571 recon=8.10e-08 ortho=6.70e-15
2026-07-25 16:14:18,630 [INFO] layer  2 ffn_down  | r=16 r_eff=16 k=4 (top_k) energy=0.7149 recon=1.32e-07 ortho=5.65e-15
2026-07-25 16:14:18,653 [INFO] layer  2 ffn_up    | r=16 r_eff=16 k=4 (top_k) energy=0.7999 recon=1.08e-07 ortho=5.84e-15
2026-07-25 16:14:18,667 [INFO] layer  3 attn_k    | r=16 r_eff=16 k=4 (top_k) energy=0.7402 recon=9.53e-08 ortho=5.76e-15
2026-07-25 16:14:18,681 [INFO] layer  3 attn_q    | r=16 r_eff=16 k=4 (top_k) energy=0.6644 recon=9.47e-08 ortho=6.70e-15
2026-07-25 16:14:18,696 [INFO] layer  3 attn_v    | r=16 r_eff=16 k=4 (top_k) energy=0.9475 recon=8.98e-08 ortho=3.88e-15
2026-07-25 16:14:18,721 [INFO] layer  3 ffn_down  | r=16 r_eff=16 k=4 (top_k) energy=0.7345 recon=1.33e-07 ortho=5.93e-15
2026-07-25 16:14:18,744 [INFO] layer  3 ffn_up    | r=16 r_eff=16 k=4 (top_k) energy=0.6350 recon=1.30e-07 ortho=5.50e-15
2026-07-25 16:14:18,758 [INFO] layer  4 attn_k    | r=16 r_eff=16 k=4 (top_k) energy=0.8092 recon=8.55e-08 ortho=6.30e-15
2026-07-25 16:14:18,773 [INFO] layer  4 attn_q    | r=16 r_eff=16 k=4 (top_k) energy=0.8942 recon=8.08e-08 ortho=2.84e-15
2026-07-25 16:14:18,787 [INFO] layer  4 attn_v    | r=16 r_eff=16 k=4 (top_k) energy=0.9611 recon=8.73e-08 ortho=6.52e-15
2026-07-25 16:14:18,812 [INFO] layer  4 ffn_down  | r=16 r_eff=16 k=4 (top_k) energy=0.8302 recon=1.20e-07 ortho=4.71e-15
2026-07-25 16:14:18,835 [INFO] layer  4 ffn_up    | r=16 r_eff=16 k=4 (top_k) energy=0.8263 recon=1.28e-07 ortho=9.40e-15
2026-07-25 16:14:18,850 [INFO] layer  5 attn_k    | r=16 r_eff=16 k=4 (top_k) energy=0.7202 recon=9.64e-08 ortho=3.75e-15
2026-07-25 16:14:18,864 [INFO] layer  5 attn_q    | r=16 r_eff=16 k=4 (top_k) energy=0.7222 recon=1.02e-07 ortho=6.02e-15
2026-07-25 16:14:18,878 [INFO] layer  5 attn_v    | r=16 r_eff=16 k=4 (top_k) energy=0.9468 recon=9.26e-08 ortho=3.94e-15
2026-07-25 16:14:18,903 [INFO] layer  5 ffn_down  | r=16 r_eff=16 k=4 (top_k) energy=0.7275 recon=1.41e-07 ortho=8.76e-15
2026-07-25 16:14:18,926 [INFO] layer  5 ffn_up    | r=16 r_eff=16 k=4 (top_k) energy=0.8073 recon=9.80e-08 ortho=4.78e-15
2026-07-25 16:14:18,941 [INFO] layer  6 attn_k    | r=16 r_eff=16 k=4 (top_k) energy=0.9069 recon=8.44e-08 ortho=5.88e-15
2026-07-25 16:14:18,955 [INFO] layer  6 attn_q    | r=16 r_eff=16 k=4 (top_k) energy=0.8702 recon=7.91e-08 ortho=5.22e-15
2026-07-25 16:14:18,970 [INFO] layer  6 attn_v    | r=16 r_eff=16 k=4 (top_k) energy=0.9497 recon=7.97e-08 ortho=5.63e-15
2026-07-25 16:14:18,995 [INFO] layer  6 ffn_down  | r=16 r_eff=16 k=4 (top_k) energy=0.8446 recon=1.23e-07 ortho=3.74e-15
2026-07-25 16:14:19,018 [INFO] layer  6 ffn_up    | r=16 r_eff=16 k=4 (top_k) energy=0.8465 recon=1.07e-07 ortho=5.87e-15
2026-07-25 16:14:19,032 [INFO] layer  7 attn_k    | r=16 r_eff=16 k=4 (top_k) energy=0.8148 recon=8.25e-08 ortho=3.69e-15
2026-07-25 16:14:19,046 [INFO] layer  7 attn_q    | r=16 r_eff=16 k=4 (top_k) energy=0.8461 recon=8.09e-08 ortho=4.37e-15
2026-07-25 16:14:19,061 [INFO] layer  7 attn_v    | r=16 r_eff=16 k=4 (top_k) energy=0.9223 recon=9.35e-08 ortho=3.76e-15
2026-07-25 16:14:19,086 [INFO] layer  7 ffn_down  | r=16 r_eff=16 k=4 (top_k) energy=0.8964 recon=1.25e-07 ortho=6.80e-15
2026-07-25 16:14:19,109 [INFO] layer  7 ffn_up    | r=16 r_eff=16 k=4 (top_k) energy=0.7475 recon=1.09e-07 ortho=3.78e-15
2026-07-25 16:14:19,123 [INFO] layer  8 attn_k    | r=16 r_eff=16 k=4 (top_k) energy=0.9007 recon=7.77e-08 ortho=8.86e-15
2026-07-25 16:14:19,138 [INFO] layer  8 attn_q    | r=16 r_eff=16 k=4 (top_k) energy=0.8835 recon=9.03e-08 ortho=7.54e-15
2026-07-25 16:14:19,152 [INFO] layer  8 attn_v    | r=16 r_eff=16 k=4 (top_k) energy=0.9237 recon=6.93e-08 ortho=3.32e-15
2026-07-25 16:14:19,177 [INFO] layer  8 ffn_down  | r=16 r_eff=16 k=4 (top_k) energy=0.9020 recon=1.14e-07 ortho=5.67e-15
2026-07-25 16:14:19,200 [INFO] layer  8 ffn_up    | r=16 r_eff=16 k=4 (top_k) energy=0.8438 recon=7.66e-08 ortho=4.16e-15
2026-07-25 16:14:19,215 [INFO] layer  9 attn_k    | r=16 r_eff=16 k=4 (top_k) energy=0.9308 recon=8.16e-08 ortho=3.71e-15
2026-07-25 16:14:19,229 [INFO] layer  9 attn_q    | r=16 r_eff=16 k=4 (top_k) energy=0.9054 recon=8.37e-08 ortho=2.92e-15
2026-07-25 16:14:19,243 [INFO] layer  9 attn_v    | r=16 r_eff=16 k=4 (top_k) energy=0.9260 recon=7.48e-08 ortho=6.28e-15
2026-07-25 16:14:19,268 [INFO] layer  9 ffn_down  | r=16 r_eff=16 k=4 (top_k) energy=0.9006 recon=1.15e-07 ortho=9.39e-15
2026-07-25 16:14:19,292 [INFO] layer  9 ffn_up    | r=16 r_eff=16 k=4 (top_k) energy=0.8665 recon=9.45e-08 ortho=4.22e-15
2026-07-25 16:14:19,306 [INFO] layer 10 attn_k    | r=16 r_eff=16 k=4 (top_k) energy=0.7455 recon=1.04e-07 ortho=8.62e-15
2026-07-25 16:14:19,320 [INFO] layer 10 attn_q    | r=16 r_eff=16 k=4 (top_k) energy=0.7960 recon=1.05e-07 ortho=5.12e-15
2026-07-25 16:14:19,334 [INFO] layer 10 attn_v    | r=16 r_eff=16 k=4 (top_k) energy=0.9299 recon=8.11e-08 ortho=4.10e-15
2026-07-25 16:14:19,359 [INFO] layer 10 ffn_down  | r=16 r_eff=16 k=4 (top_k) energy=0.9488 recon=8.54e-08 ortho=5.33e-15
2026-07-25 16:14:19,382 [INFO] layer 10 ffn_up    | r=16 r_eff=16 k=4 (top_k) energy=0.8955 recon=8.78e-08 ortho=5.68e-15
2026-07-25 16:14:19,397 [INFO] layer 11 attn_k    | r=16 r_eff=16 k=4 (top_k) energy=0.8168 recon=9.74e-08 ortho=5.96e-15
2026-07-25 16:14:19,411 [INFO] layer 11 attn_q    | r=16 r_eff=16 k=4 (top_k) energy=0.8846 recon=8.74e-08 ortho=3.53e-15
2026-07-25 16:14:19,425 [INFO] layer 11 attn_v    | r=16 r_eff=16 k=4 (top_k) energy=0.9289 recon=8.35e-08 ortho=3.28e-15
2026-07-25 16:14:19,451 [INFO] layer 11 ffn_down  | r=16 r_eff=16 k=4 (top_k) energy=0.9383 recon=8.44e-08 ortho=2.44e-15
2026-07-25 16:14:19,474 [INFO] layer 11 ffn_up    | r=16 r_eff=16 k=4 (top_k) energy=0.8903 recon=8.11e-08 ortho=4.00e-15
2026-07-25 16:14:19,488 [INFO] layer 12 attn_k    | r=16 r_eff=16 k=4 (top_k) energy=0.8393 recon=9.31e-08 ortho=3.26e-15
2026-07-25 16:14:19,502 [INFO] layer 12 attn_q    | r=16 r_eff=16 k=4 (top_k) energy=0.7246 recon=9.72e-08 ortho=4.70e-15
2026-07-25 16:14:19,516 [INFO] layer 12 attn_v    | r=16 r_eff=16 k=4 (top_k) energy=0.8878 recon=9.16e-08 ortho=4.59e-15
2026-07-25 16:14:19,541 [INFO] layer 12 ffn_down  | r=16 r_eff=16 k=4 (top_k) energy=0.9519 recon=1.23e-07 ortho=9.59e-15
2026-07-25 16:14:19,565 [INFO] layer 12 ffn_up    | r=16 r_eff=16 k=4 (top_k) energy=0.8949 recon=1.05e-07 ortho=5.72e-15
2026-07-25 16:14:19,579 [INFO] layer 13 attn_k    | r=16 r_eff=16 k=4 (top_k) energy=0.8846 recon=9.23e-08 ortho=7.20e-15
2026-07-25 16:14:19,593 [INFO] layer 13 attn_q    | r=16 r_eff=16 k=4 (top_k) energy=0.8707 recon=7.91e-08 ortho=5.20e-15
2026-07-25 16:14:19,608 [INFO] layer 13 attn_v    | r=16 r_eff=16 k=4 (top_k) energy=0.9194 recon=7.20e-08 ortho=2.77e-15
2026-07-25 16:14:19,632 [INFO] layer 13 ffn_down  | r=16 r_eff=16 k=4 (top_k) energy=0.9112 recon=1.05e-07 ortho=3.40e-15
2026-07-25 16:14:19,656 [INFO] layer 13 ffn_up    | r=16 r_eff=16 k=4 (top_k) energy=0.9299 recon=1.06e-07 ortho=5.45e-15
2026-07-25 16:14:19,670 [INFO] layer 14 attn_k    | r=16 r_eff=16 k=4 (top_k) energy=0.7967 recon=1.05e-07 ortho=6.72e-15
2026-07-25 16:14:19,684 [INFO] layer 14 attn_q    | r=16 r_eff=16 k=4 (top_k) energy=0.7569 recon=8.75e-08 ortho=7.37e-15
2026-07-25 16:14:19,698 [INFO] layer 14 attn_v    | r=16 r_eff=16 k=4 (top_k) energy=0.9062 recon=8.66e-08 ortho=7.18e-15
2026-07-25 16:14:19,723 [INFO] layer 14 ffn_down  | r=16 r_eff=16 k=4 (top_k) energy=0.9521 recon=1.07e-07 ortho=8.82e-15
2026-07-25 16:14:19,747 [INFO] layer 14 ffn_up    | r=16 r_eff=16 k=4 (top_k) energy=0.8853 recon=1.10e-07 ortho=6.19e-15
2026-07-25 16:14:19,761 [INFO] layer 15 attn_k    | r=16 r_eff=16 k=4 (top_k) energy=0.9197 recon=9.15e-08 ortho=2.69e-15
2026-07-25 16:14:19,775 [INFO] layer 15 attn_q    | r=16 r_eff=16 k=4 (top_k) energy=0.9315 recon=8.49e-08 ortho=3.42e-15
2026-07-25 16:14:19,789 [INFO] layer 15 attn_v    | r=16 r_eff=16 k=4 (top_k) energy=0.9407 recon=9.58e-08 ortho=5.48e-15
2026-07-25 16:14:19,814 [INFO] layer 15 ffn_down  | r=16 r_eff=16 k=4 (top_k) energy=0.9360 recon=1.07e-07 ortho=5.74e-15
2026-07-25 16:14:19,838 [INFO] layer 15 ffn_up    | r=16 r_eff=16 k=4 (top_k) energy=0.9375 recon=1.01e-07 ortho=5.00e-15
2026-07-25 16:14:19,852 [INFO] layer 16 attn_k    | r=16 r_eff=16 k=4 (top_k) energy=0.8576 recon=8.42e-08 ortho=6.40e-15
2026-07-25 16:14:19,866 [INFO] layer 16 attn_q    | r=16 r_eff=16 k=4 (top_k) energy=0.8865 recon=8.98e-08 ortho=3.93e-15
2026-07-25 16:14:19,880 [INFO] layer 16 attn_v    | r=16 r_eff=16 k=4 (top_k) energy=0.9130 recon=9.69e-08 ortho=8.62e-15
2026-07-25 16:14:19,906 [INFO] layer 16 ffn_down  | r=16 r_eff=16 k=4 (top_k) energy=0.9468 recon=1.14e-07 ortho=4.65e-15
2026-07-25 16:14:19,929 [INFO] layer 16 ffn_up    | r=16 r_eff=16 k=4 (top_k) energy=0.9639 recon=8.30e-08 ortho=5.57e-15
2026-07-25 16:14:19,943 [INFO] layer 17 attn_k    | r=16 r_eff=16 k=4 (top_k) energy=0.9653 recon=5.45e-08 ortho=3.13e-15
2026-07-25 16:14:19,957 [INFO] layer 17 attn_q    | r=16 r_eff=16 k=4 (top_k) energy=0.9655 recon=9.51e-08 ortho=6.50e-15
2026-07-25 16:14:19,972 [INFO] layer 17 attn_v    | r=16 r_eff=16 k=4 (top_k) energy=0.9136 recon=6.33e-08 ortho=4.14e-15
2026-07-25 16:14:19,997 [INFO] layer 17 ffn_down  | r=16 r_eff=16 k=4 (top_k) energy=0.9172 recon=9.71e-08 ortho=9.14e-15
2026-07-25 16:14:20,020 [INFO] layer 17 ffn_up    | r=16 r_eff=16 k=4 (top_k) energy=0.9154 recon=1.21e-07 ortho=7.53e-15
2026-07-25 16:14:20,034 [INFO] layer 18 attn_k    | r=16 r_eff=16 k=4 (top_k) energy=0.8381 recon=8.76e-08 ortho=9.12e-15
2026-07-25 16:14:20,048 [INFO] layer 18 attn_q    | r=16 r_eff=16 k=4 (top_k) energy=0.8588 recon=9.18e-08 ortho=3.99e-15
2026-07-25 16:14:20,063 [INFO] layer 18 attn_v    | r=16 r_eff=16 k=4 (top_k) energy=0.9449 recon=8.84e-08 ortho=6.09e-15
2026-07-25 16:14:20,087 [INFO] layer 18 ffn_down  | r=16 r_eff=16 k=4 (top_k) energy=0.9361 recon=1.22e-07 ortho=5.25e-15
2026-07-25 16:14:20,111 [INFO] layer 18 ffn_up    | r=16 r_eff=16 k=4 (top_k) energy=0.9599 recon=6.71e-08 ortho=5.89e-15
2026-07-25 16:14:20,125 [INFO] layer 19 attn_k    | r=16 r_eff=16 k=4 (top_k) energy=0.8460 recon=9.92e-08 ortho=6.42e-15
2026-07-25 16:14:20,139 [INFO] layer 19 attn_q    | r=16 r_eff=16 k=4 (top_k) energy=0.8151 recon=9.57e-08 ortho=6.80e-15
2026-07-25 16:14:20,154 [INFO] layer 19 attn_v    | r=16 r_eff=16 k=4 (top_k) energy=0.9205 recon=9.36e-08 ortho=8.56e-15
2026-07-25 16:14:20,179 [INFO] layer 19 ffn_down  | r=16 r_eff=16 k=4 (top_k) energy=0.9194 recon=9.06e-08 ortho=8.99e-15
2026-07-25 16:14:20,202 [INFO] layer 19 ffn_up    | r=16 r_eff=16 k=4 (top_k) energy=0.9331 recon=8.39e-08 ortho=6.55e-15
2026-07-25 16:14:20,216 [INFO] layer 20 attn_k    | r=16 r_eff=16 k=4 (top_k) energy=0.8190 recon=9.39e-08 ortho=5.52e-15
2026-07-25 16:14:20,231 [INFO] layer 20 attn_q    | r=16 r_eff=16 k=4 (top_k) energy=0.9564 recon=8.72e-08 ortho=6.59e-15
2026-07-25 16:14:20,245 [INFO] layer 20 attn_v    | r=16 r_eff=16 k=4 (top_k) energy=0.9410 recon=9.48e-08 ortho=8.15e-15
2026-07-25 16:14:20,270 [INFO] layer 20 ffn_down  | r=16 r_eff=16 k=4 (top_k) energy=0.8831 recon=9.89e-08 ortho=7.05e-15
2026-07-25 16:14:20,293 [INFO] layer 20 ffn_up    | r=16 r_eff=16 k=4 (top_k) energy=0.9541 recon=8.74e-08 ortho=4.48e-15
2026-07-25 16:14:20,307 [INFO] layer 21 attn_k    | r=16 r_eff=16 k=4 (top_k) energy=0.7955 recon=7.47e-08 ortho=5.29e-15
2026-07-25 16:14:20,321 [INFO] layer 21 attn_q    | r=16 r_eff=16 k=4 (top_k) energy=0.8605 recon=9.48e-08 ortho=2.53e-15
2026-07-25 16:14:20,336 [INFO] layer 21 attn_v    | r=16 r_eff=16 k=4 (top_k) energy=0.9620 recon=8.29e-08 ortho=3.56e-15
2026-07-25 16:14:20,361 [INFO] layer 21 ffn_down  | r=16 r_eff=16 k=4 (top_k) energy=0.9171 recon=1.09e-07 ortho=1.10e-14
2026-07-25 16:14:20,384 [INFO] layer 21 ffn_up    | r=16 r_eff=16 k=4 (top_k) energy=0.9478 recon=9.69e-08 ortho=4.78e-15
2026-07-25 16:14:20,398 [INFO] layer 22 attn_k    | r=16 r_eff=16 k=4 (top_k) energy=0.9012 recon=8.48e-08 ortho=5.78e-15
2026-07-25 16:14:20,412 [INFO] layer 22 attn_q    | r=16 r_eff=16 k=4 (top_k) energy=0.9021 recon=9.09e-08 ortho=6.17e-15
2026-07-25 16:14:20,427 [INFO] layer 22 attn_v    | r=16 r_eff=16 k=4 (top_k) energy=0.9090 recon=8.04e-08 ortho=4.35e-15
2026-07-25 16:14:20,452 [INFO] layer 22 ffn_down  | r=16 r_eff=16 k=4 (top_k) energy=0.8352 recon=9.48e-08 ortho=7.31e-15
2026-07-25 16:14:20,475 [INFO] layer 22 ffn_up    | r=16 r_eff=16 k=4 (top_k) energy=0.9573 recon=1.06e-07 ortho=6.24e-15
2026-07-25 16:14:20,489 [INFO] layer 23 attn_k    | r=16 r_eff=16 k=4 (top_k) energy=0.8654 recon=7.41e-08 ortho=4.36e-15
2026-07-25 16:14:20,503 [INFO] layer 23 attn_q    | r=16 r_eff=16 k=4 (top_k) energy=0.9228 recon=8.82e-08 ortho=7.28e-15
2026-07-25 16:14:20,518 [INFO] layer 23 attn_v    | r=16 r_eff=16 k=4 (top_k) energy=0.9150 recon=9.73e-08 ortho=6.09e-15
2026-07-25 16:14:20,543 [INFO] layer 23 ffn_down  | r=16 r_eff=16 k=4 (top_k) energy=0.7714 recon=1.26e-07 ortho=8.15e-15
2026-07-25 16:14:20,566 [INFO] layer 23 ffn_up    | r=16 r_eff=16 k=4 (top_k) energy=0.9342 recon=9.93e-08 ortho=6.64e-15
2026-07-25 16:14:20,580 [INFO] layer 24 attn_k    | r=16 r_eff=16 k=4 (top_k) energy=0.7702 recon=1.00e-07 ortho=6.12e-15
2026-07-25 16:14:20,595 [INFO] layer 24 attn_q    | r=16 r_eff=16 k=4 (top_k) energy=0.9343 recon=9.19e-08 ortho=3.65e-15
2026-07-25 16:14:20,609 [INFO] layer 24 attn_v    | r=16 r_eff=16 k=4 (top_k) energy=0.9259 recon=7.43e-08 ortho=5.10e-15
2026-07-25 16:14:20,634 [INFO] layer 24 ffn_down  | r=16 r_eff=16 k=4 (top_k) energy=0.7974 recon=1.19e-07 ortho=7.15e-15
2026-07-25 16:14:20,657 [INFO] layer 24 ffn_up    | r=16 r_eff=16 k=4 (top_k) energy=0.9391 recon=1.15e-07 ortho=5.27e-15
2026-07-25 16:14:20,672 [INFO] layer 25 attn_k    | r=16 r_eff=16 k=4 (top_k) energy=0.8915 recon=9.07e-08 ortho=4.01e-15
2026-07-25 16:14:20,687 [INFO] layer 25 attn_q    | r=16 r_eff=16 k=4 (top_k) energy=0.8834 recon=9.13e-08 ortho=5.46e-15
2026-07-25 16:14:20,701 [INFO] layer 25 attn_v    | r=16 r_eff=16 k=4 (top_k) energy=0.9553 recon=8.10e-08 ortho=5.87e-15
2026-07-25 16:14:20,726 [INFO] layer 25 ffn_down  | r=16 r_eff=16 k=4 (top_k) energy=0.7891 recon=1.33e-07 ortho=2.17e-15
2026-07-25 16:14:20,749 [INFO] layer 25 ffn_up    | r=16 r_eff=16 k=4 (top_k) energy=0.9740 recon=1.04e-07 ortho=6.46e-15
2026-07-25 16:14:20,764 [INFO] layer 26 attn_k    | r=16 r_eff=16 k=4 (top_k) energy=0.9304 recon=8.54e-08 ortho=5.07e-15
2026-07-25 16:14:20,778 [INFO] layer 26 attn_q    | r=16 r_eff=16 k=4 (top_k) energy=0.9380 recon=5.95e-08 ortho=2.14e-15
2026-07-25 16:14:20,792 [INFO] layer 26 attn_v    | r=16 r_eff=16 k=4 (top_k) energy=0.9563 recon=7.71e-08 ortho=5.90e-15
2026-07-25 16:14:20,817 [INFO] layer 26 ffn_down  | r=16 r_eff=16 k=4 (top_k) energy=0.9362 recon=8.82e-08 ortho=7.23e-15
2026-07-25 16:14:20,840 [INFO] layer 26 ffn_up    | r=16 r_eff=16 k=4 (top_k) energy=0.9374 recon=9.92e-08 ortho=7.80e-15
2026-07-25 16:14:20,855 [INFO] layer 27 attn_k    | r=16 r_eff=16 k=4 (top_k) energy=0.9018 recon=9.28e-08 ortho=5.57e-15
2026-07-25 16:14:20,869 [INFO] layer 27 attn_q    | r=16 r_eff=16 k=4 (top_k) energy=0.9133 recon=7.01e-08 ortho=3.91e-15
2026-07-25 16:14:20,883 [INFO] layer 27 attn_v    | r=16 r_eff=16 k=4 (top_k) energy=0.9431 recon=9.39e-08 ortho=4.52e-15
2026-07-25 16:14:20,908 [INFO] layer 27 ffn_down  | r=16 r_eff=16 k=4 (top_k) energy=0.9462 recon=7.62e-08 ortho=4.32e-15
2026-07-25 16:14:20,932 [INFO] layer 27 ffn_up    | r=16 r_eff=16 k=4 (top_k) energy=0.9217 recon=1.01e-07 ortho=5.73e-15
2026-07-25 16:14:20,946 [INFO] layer 28 attn_k    | r=16 r_eff=16 k=4 (top_k) energy=0.9298 recon=9.37e-08 ortho=7.68e-15
2026-07-25 16:14:20,960 [INFO] layer 28 attn_q    | r=16 r_eff=16 k=4 (top_k) energy=0.8929 recon=9.58e-08 ortho=7.82e-15
2026-07-25 16:14:20,974 [INFO] layer 28 attn_v    | r=16 r_eff=16 k=4 (top_k) energy=0.9066 recon=1.00e-07 ortho=6.09e-15
2026-07-25 16:14:20,999 [INFO] layer 28 ffn_down  | r=16 r_eff=16 k=4 (top_k) energy=0.9780 recon=6.54e-08 ortho=4.31e-15
2026-07-25 16:14:21,023 [INFO] layer 28 ffn_up    | r=16 r_eff=16 k=4 (top_k) energy=0.9549 recon=8.51e-08 ortho=6.84e-15
2026-07-25 16:14:21,037 [INFO] layer 29 attn_k    | r=16 r_eff=16 k=4 (top_k) energy=0.8805 recon=7.64e-08 ortho=4.94e-15
2026-07-25 16:14:21,051 [INFO] layer 29 attn_q    | r=16 r_eff=16 k=4 (top_k) energy=0.8996 recon=7.54e-08 ortho=3.01e-15
2026-07-25 16:14:21,065 [INFO] layer 29 attn_v    | r=16 r_eff=16 k=4 (top_k) energy=0.9371 recon=8.38e-08 ortho=3.91e-15
2026-07-25 16:14:21,090 [INFO] layer 29 ffn_down  | r=16 r_eff=16 k=4 (top_k) energy=0.9832 recon=9.17e-08 ortho=6.55e-15
2026-07-25 16:14:21,114 [INFO] layer 29 ffn_up    | r=16 r_eff=16 k=4 (top_k) energy=0.9673 recon=9.41e-08 ortho=3.69e-15
2026-07-25 16:14:21,128 [INFO] layer 30 attn_k    | r=16 r_eff=16 k=4 (top_k) energy=0.9351 recon=5.83e-08 ortho=4.35e-15
2026-07-25 16:14:21,142 [INFO] layer 30 attn_q    | r=16 r_eff=16 k=4 (top_k) energy=0.9499 recon=7.04e-08 ortho=5.46e-15
2026-07-25 16:14:21,157 [INFO] layer 30 attn_v    | r=16 r_eff=16 k=4 (top_k) energy=0.9181 recon=9.07e-08 ortho=4.39e-15
2026-07-25 16:14:21,182 [INFO] layer 30 ffn_down  | r=16 r_eff=16 k=4 (top_k) energy=0.9932 recon=7.36e-08 ortho=5.30e-15
2026-07-25 16:14:21,205 [INFO] layer 30 ffn_up    | r=16 r_eff=16 k=4 (top_k) energy=0.9796 recon=7.55e-08 ortho=2.11e-15
2026-07-25 16:14:21,219 [INFO] layer 31 attn_k    | r=16 r_eff=16 k=4 (top_k) energy=0.9333 recon=4.08e-08 ortho=4.89e-15
2026-07-25 16:14:21,233 [INFO] layer 31 attn_q    | r=16 r_eff=16 k=4 (top_k) energy=0.9729 recon=3.34e-08 ortho=6.34e-15
2026-07-25 16:14:21,248 [INFO] layer 31 attn_v    | r=16 r_eff=16 k=4 (top_k) energy=0.9706 recon=1.02e-07 ortho=8.64e-15
2026-07-25 16:14:21,273 [INFO] layer 31 ffn_down  | r=16 r_eff=16 k=4 (top_k) energy=0.9469 recon=1.14e-07 ortho=6.31e-15
2026-07-25 16:14:21,296 [INFO] layer 31 ffn_up    | r=16 r_eff=16 k=4 (top_k) energy=0.9027 recon=1.03e-07 ortho=6.60e-15
2026-07-25 16:14:21,302 [INFO] ======================================================================
2026-07-25 16:14:21,302 [INFO] ✓ 160 modules → outputs/adapter_subspace_lora/subspaces/topk4
2026-07-25 16:14:21,302 [INFO]   protected_k: min=4 max=4 mean=4.00
2026-07-25 16:14:21,302 [INFO]   max reconstruction error : 1.413e-07
2026-07-25 16:14:21,302 [INFO]   max orthogonality error  : 1.100e-14
2026-07-25 16:14:21,302 [INFO] ======================================================================
[1:topk2] building Q_S  --adapter_subspace_top_k 2
2026-07-25 16:14:22,549 [INFO] safety adapter: r=16 alpha=32.0 scaling=2.000000 target_modules(cfg)=['v_proj', 'q_proj', 'k_proj', 'down_proj', 'up_proj']
2026-07-25 16:14:22,962 [INFO]   [dense check] layer 0 attn_k: lowrank=6.889e-08 dense=6.902e-08
2026-07-25 16:14:22,964 [INFO] layer  0 attn_k    | r=16 r_eff=16 k=2 (top_k) energy=0.8512 recon=6.89e-08 ortho=2.23e-15
2026-07-25 16:14:22,979 [INFO]   [dense check] layer 0 attn_q: lowrank=9.371e-08 dense=6.900e-08
2026-07-25 16:14:22,979 [INFO] layer  0 attn_q    | r=16 r_eff=16 k=2 (top_k) energy=0.7476 recon=9.37e-08 ortho=1.99e-15
2026-07-25 16:14:22,994 [INFO] layer  0 attn_v    | r=16 r_eff=16 k=2 (top_k) energy=0.9641 recon=6.38e-08 ortho=2.73e-15
2026-07-25 16:14:23,019 [INFO] layer  0 ffn_down  | r=16 r_eff=16 k=2 (top_k) energy=0.8091 recon=1.09e-07 ortho=5.37e-15
2026-07-25 16:14:23,042 [INFO] layer  0 ffn_up    | r=16 r_eff=16 k=2 (top_k) energy=0.9174 recon=6.69e-08 ortho=3.16e-15
2026-07-25 16:14:23,057 [INFO] layer  1 attn_k    | r=16 r_eff=16 k=2 (top_k) energy=0.5794 recon=9.50e-08 ortho=1.17e-15
2026-07-25 16:14:23,071 [INFO] layer  1 attn_q    | r=16 r_eff=16 k=2 (top_k) energy=0.8691 recon=8.72e-08 ortho=1.85e-15
2026-07-25 16:14:23,085 [INFO] layer  1 attn_v    | r=16 r_eff=16 k=2 (top_k) energy=0.9827 recon=7.43e-08 ortho=2.44e-15
2026-07-25 16:14:23,110 [INFO] layer  1 ffn_down  | r=16 r_eff=16 k=2 (top_k) energy=0.9940 recon=9.11e-08 ortho=3.33e-15
2026-07-25 16:14:23,133 [INFO] layer  1 ffn_up    | r=16 r_eff=16 k=2 (top_k) energy=0.8028 recon=1.07e-07 ortho=7.70e-15
2026-07-25 16:14:23,147 [INFO] layer  2 attn_k    | r=16 r_eff=16 k=2 (top_k) energy=0.7430 recon=1.01e-07 ortho=6.68e-15
2026-07-25 16:14:23,162 [INFO] layer  2 attn_q    | r=16 r_eff=16 k=2 (top_k) energy=0.8011 recon=9.66e-08 ortho=5.00e-15
2026-07-25 16:14:23,176 [INFO] layer  2 attn_v    | r=16 r_eff=16 k=2 (top_k) energy=0.9277 recon=8.10e-08 ortho=5.28e-15
2026-07-25 16:14:23,201 [INFO] layer  2 ffn_down  | r=16 r_eff=16 k=2 (top_k) energy=0.5590 recon=1.32e-07 ortho=3.06e-15
2026-07-25 16:14:23,224 [INFO] layer  2 ffn_up    | r=16 r_eff=16 k=2 (top_k) energy=0.7211 recon=1.08e-07 ortho=5.69e-15
2026-07-25 16:14:23,239 [INFO] layer  3 attn_k    | r=16 r_eff=16 k=2 (top_k) energy=0.5969 recon=9.53e-08 ortho=5.11e-15
2026-07-25 16:14:23,253 [INFO] layer  3 attn_q    | r=16 r_eff=16 k=2 (top_k) energy=0.5113 recon=9.47e-08 ortho=5.98e-15
2026-07-25 16:14:23,267 [INFO] layer  3 attn_v    | r=16 r_eff=16 k=2 (top_k) energy=0.8964 recon=8.98e-08 ortho=2.89e-15
2026-07-25 16:14:23,292 [INFO] layer  3 ffn_down  | r=16 r_eff=16 k=2 (top_k) energy=0.5276 recon=1.33e-07 ortho=5.18e-15
2026-07-25 16:14:23,315 [INFO] layer  3 ffn_up    | r=16 r_eff=16 k=2 (top_k) energy=0.5013 recon=1.30e-07 ortho=3.83e-15
2026-07-25 16:14:23,329 [INFO] layer  4 attn_k    | r=16 r_eff=16 k=2 (top_k) energy=0.6966 recon=8.55e-08 ortho=2.69e-15
2026-07-25 16:14:23,344 [INFO] layer  4 attn_q    | r=16 r_eff=16 k=2 (top_k) energy=0.8476 recon=8.08e-08 ortho=8.37e-16
2026-07-25 16:14:23,358 [INFO] layer  4 attn_v    | r=16 r_eff=16 k=2 (top_k) energy=0.9240 recon=8.73e-08 ortho=1.44e-15
2026-07-25 16:14:23,383 [INFO] layer  4 ffn_down  | r=16 r_eff=16 k=2 (top_k) energy=0.7238 recon=1.20e-07 ortho=3.81e-15
2026-07-25 16:14:23,406 [INFO] layer  4 ffn_up    | r=16 r_eff=16 k=2 (top_k) energy=0.7518 recon=1.28e-07 ortho=6.41e-15
2026-07-25 16:14:23,420 [INFO] layer  5 attn_k    | r=16 r_eff=16 k=2 (top_k) energy=0.5805 recon=9.64e-08 ortho=3.10e-15
2026-07-25 16:14:23,434 [INFO] layer  5 attn_q    | r=16 r_eff=16 k=2 (top_k) energy=0.5725 recon=1.02e-07 ortho=3.94e-15
2026-07-25 16:14:23,449 [INFO] layer  5 attn_v    | r=16 r_eff=16 k=2 (top_k) energy=0.9090 recon=9.26e-08 ortho=3.47e-15
2026-07-25 16:14:23,474 [INFO] layer  5 ffn_down  | r=16 r_eff=16 k=2 (top_k) energy=0.5433 recon=1.41e-07 ortho=6.97e-15
2026-07-25 16:14:23,497 [INFO] layer  5 ffn_up    | r=16 r_eff=16 k=2 (top_k) energy=0.7024 recon=9.80e-08 ortho=2.99e-15
2026-07-25 16:14:23,511 [INFO] layer  6 attn_k    | r=16 r_eff=16 k=2 (top_k) energy=0.8358 recon=8.44e-08 ortho=4.40e-15
2026-07-25 16:14:23,526 [INFO] layer  6 attn_q    | r=16 r_eff=16 k=2 (top_k) energy=0.8006 recon=7.91e-08 ortho=3.72e-15
2026-07-25 16:14:23,540 [INFO] layer  6 attn_v    | r=16 r_eff=16 k=2 (top_k) energy=0.9145 recon=7.97e-08 ortho=1.91e-15
2026-07-25 16:14:23,565 [INFO] layer  6 ffn_down  | r=16 r_eff=16 k=2 (top_k) energy=0.7009 recon=1.23e-07 ortho=3.64e-15
2026-07-25 16:14:23,588 [INFO] layer  6 ffn_up    | r=16 r_eff=16 k=2 (top_k) energy=0.7758 recon=1.07e-07 ortho=4.27e-15
2026-07-25 16:14:23,602 [INFO] layer  7 attn_k    | r=16 r_eff=16 k=2 (top_k) energy=0.6853 recon=8.25e-08 ortho=3.02e-15
2026-07-25 16:14:23,617 [INFO] layer  7 attn_q    | r=16 r_eff=16 k=2 (top_k) energy=0.7543 recon=8.09e-08 ortho=2.91e-15
2026-07-25 16:14:23,631 [INFO] layer  7 attn_v    | r=16 r_eff=16 k=2 (top_k) energy=0.8481 recon=9.35e-08 ortho=3.63e-15
2026-07-25 16:14:23,656 [INFO] layer  7 ffn_down  | r=16 r_eff=16 k=2 (top_k) energy=0.8103 recon=1.25e-07 ortho=5.45e-15
2026-07-25 16:14:23,679 [INFO] layer  7 ffn_up    | r=16 r_eff=16 k=2 (top_k) energy=0.6093 recon=1.09e-07 ortho=2.90e-15
2026-07-25 16:14:23,693 [INFO] layer  8 attn_k    | r=16 r_eff=16 k=2 (top_k) energy=0.8413 recon=7.77e-08 ortho=5.49e-15
2026-07-25 16:14:23,708 [INFO] layer  8 attn_q    | r=16 r_eff=16 k=2 (top_k) energy=0.8261 recon=9.03e-08 ortho=5.61e-15
2026-07-25 16:14:23,722 [INFO] layer  8 attn_v    | r=16 r_eff=16 k=2 (top_k) energy=0.8679 recon=6.93e-08 ortho=2.92e-15
2026-07-25 16:14:23,747 [INFO] layer  8 ffn_down  | r=16 r_eff=16 k=2 (top_k) energy=0.7896 recon=1.14e-07 ortho=1.74e-15
2026-07-25 16:14:23,770 [INFO] layer  8 ffn_up    | r=16 r_eff=16 k=2 (top_k) energy=0.7450 recon=7.66e-08 ortho=3.69e-15
2026-07-25 16:14:23,784 [INFO] layer  9 attn_k    | r=16 r_eff=16 k=2 (top_k) energy=0.8830 recon=8.16e-08 ortho=2.78e-15
2026-07-25 16:14:23,799 [INFO] layer  9 attn_q    | r=16 r_eff=16 k=2 (top_k) energy=0.8425 recon=8.37e-08 ortho=2.37e-15
2026-07-25 16:14:23,813 [INFO] layer  9 attn_v    | r=16 r_eff=16 k=2 (top_k) energy=0.8612 recon=7.48e-08 ortho=5.24e-15
2026-07-25 16:14:23,838 [INFO] layer  9 ffn_down  | r=16 r_eff=16 k=2 (top_k) energy=0.7750 recon=1.15e-07 ortho=8.44e-15
2026-07-25 16:14:23,861 [INFO] layer  9 ffn_up    | r=16 r_eff=16 k=2 (top_k) energy=0.7822 recon=9.45e-08 ortho=2.37e-15
2026-07-25 16:14:23,875 [INFO] layer 10 attn_k    | r=16 r_eff=16 k=2 (top_k) energy=0.5989 recon=1.04e-07 ortho=7.16e-15
2026-07-25 16:14:23,890 [INFO] layer 10 attn_q    | r=16 r_eff=16 k=2 (top_k) energy=0.6802 recon=1.05e-07 ortho=4.44e-15
2026-07-25 16:14:23,904 [INFO] layer 10 attn_v    | r=16 r_eff=16 k=2 (top_k) energy=0.8699 recon=8.11e-08 ortho=2.11e-15
2026-07-25 16:14:23,929 [INFO] layer 10 ffn_down  | r=16 r_eff=16 k=2 (top_k) energy=0.9041 recon=8.54e-08 ortho=8.33e-16
2026-07-25 16:14:23,952 [INFO] layer 10 ffn_up    | r=16 r_eff=16 k=2 (top_k) energy=0.7958 recon=8.78e-08 ortho=1.16e-15
2026-07-25 16:14:23,966 [INFO] layer 11 attn_k    | r=16 r_eff=16 k=2 (top_k) energy=0.7204 recon=9.74e-08 ortho=1.40e-15
2026-07-25 16:14:23,981 [INFO] layer 11 attn_q    | r=16 r_eff=16 k=2 (top_k) energy=0.8333 recon=8.74e-08 ortho=2.53e-15
2026-07-25 16:14:23,995 [INFO] layer 11 attn_v    | r=16 r_eff=16 k=2 (top_k) energy=0.8417 recon=8.35e-08 ortho=2.61e-15
2026-07-25 16:14:24,020 [INFO] layer 11 ffn_down  | r=16 r_eff=16 k=2 (top_k) energy=0.9039 recon=8.44e-08 ortho=1.15e-15
2026-07-25 16:14:24,043 [INFO] layer 11 ffn_up    | r=16 r_eff=16 k=2 (top_k) energy=0.8169 recon=8.11e-08 ortho=2.44e-15
2026-07-25 16:14:24,057 [INFO] layer 12 attn_k    | r=16 r_eff=16 k=2 (top_k) energy=0.7579 recon=9.31e-08 ortho=3.11e-15
2026-07-25 16:14:24,072 [INFO] layer 12 attn_q    | r=16 r_eff=16 k=2 (top_k) energy=0.5234 recon=9.72e-08 ortho=2.02e-15
2026-07-25 16:14:24,086 [INFO] layer 12 attn_v    | r=16 r_eff=16 k=2 (top_k) energy=0.7410 recon=9.16e-08 ortho=4.10e-15
2026-07-25 16:14:24,111 [INFO] layer 12 ffn_down  | r=16 r_eff=16 k=2 (top_k) energy=0.9036 recon=1.23e-07 ortho=8.37e-15
2026-07-25 16:14:24,134 [INFO] layer 12 ffn_up    | r=16 r_eff=16 k=2 (top_k) energy=0.8433 recon=1.05e-07 ortho=5.51e-15
2026-07-25 16:14:24,148 [INFO] layer 13 attn_k    | r=16 r_eff=16 k=2 (top_k) energy=0.8278 recon=9.23e-08 ortho=2.74e-15
2026-07-25 16:14:24,162 [INFO] layer 13 attn_q    | r=16 r_eff=16 k=2 (top_k) energy=0.8106 recon=7.91e-08 ortho=3.05e-15
2026-07-25 16:14:24,177 [INFO] layer 13 attn_v    | r=16 r_eff=16 k=2 (top_k) energy=0.8511 recon=7.20e-08 ortho=2.53e-15
2026-07-25 16:14:24,202 [INFO] layer 13 ffn_down  | r=16 r_eff=16 k=2 (top_k) energy=0.8222 recon=1.05e-07 ortho=2.89e-15
2026-07-25 16:14:24,225 [INFO] layer 13 ffn_up    | r=16 r_eff=16 k=2 (top_k) energy=0.8839 recon=1.06e-07 ortho=3.20e-15
2026-07-25 16:14:24,239 [INFO] layer 14 attn_k    | r=16 r_eff=16 k=2 (top_k) energy=0.6902 recon=1.05e-07 ortho=6.04e-15
2026-07-25 16:14:24,253 [INFO] layer 14 attn_q    | r=16 r_eff=16 k=2 (top_k) energy=0.6122 recon=8.75e-08 ortho=6.47e-15
2026-07-25 16:14:24,267 [INFO] layer 14 attn_v    | r=16 r_eff=16 k=2 (top_k) energy=0.7579 recon=8.66e-08 ortho=3.99e-15
2026-07-25 16:14:24,292 [INFO] layer 14 ffn_down  | r=16 r_eff=16 k=2 (top_k) energy=0.9128 recon=1.07e-07 ortho=5.62e-15
2026-07-25 16:14:24,316 [INFO] layer 14 ffn_up    | r=16 r_eff=16 k=2 (top_k) energy=0.8072 recon=1.10e-07 ortho=2.57e-15
2026-07-25 16:14:24,330 [INFO] layer 15 attn_k    | r=16 r_eff=16 k=2 (top_k) energy=0.8709 recon=9.15e-08 ortho=2.30e-15
2026-07-25 16:14:24,344 [INFO] layer 15 attn_q    | r=16 r_eff=16 k=2 (top_k) energy=0.8831 recon=8.49e-08 ortho=2.25e-15
2026-07-25 16:14:24,358 [INFO] layer 15 attn_v    | r=16 r_eff=16 k=2 (top_k) energy=0.8942 recon=9.58e-08 ortho=4.61e-15
2026-07-25 16:14:24,383 [INFO] layer 15 ffn_down  | r=16 r_eff=16 k=2 (top_k) energy=0.8550 recon=1.07e-07 ortho=3.62e-15
2026-07-25 16:14:24,407 [INFO] layer 15 ffn_up    | r=16 r_eff=16 k=2 (top_k) energy=0.8821 recon=1.01e-07 ortho=4.50e-15
2026-07-25 16:14:24,421 [INFO] layer 16 attn_k    | r=16 r_eff=16 k=2 (top_k) energy=0.7414 recon=8.42e-08 ortho=3.20e-15
2026-07-25 16:14:24,435 [INFO] layer 16 attn_q    | r=16 r_eff=16 k=2 (top_k) energy=0.8179 recon=8.98e-08 ortho=3.73e-15
2026-07-25 16:14:24,449 [INFO] layer 16 attn_v    | r=16 r_eff=16 k=2 (top_k) energy=0.8266 recon=9.69e-08 ortho=7.79e-15
2026-07-25 16:14:24,474 [INFO] layer 16 ffn_down  | r=16 r_eff=16 k=2 (top_k) energy=0.9132 recon=1.14e-07 ortho=3.78e-15
2026-07-25 16:14:24,497 [INFO] layer 16 ffn_up    | r=16 r_eff=16 k=2 (top_k) energy=0.9422 recon=8.30e-08 ortho=4.25e-15
2026-07-25 16:14:24,512 [INFO] layer 17 attn_k    | r=16 r_eff=16 k=2 (top_k) energy=0.9429 recon=5.45e-08 ortho=2.10e-15
2026-07-25 16:14:24,526 [INFO] layer 17 attn_q    | r=16 r_eff=16 k=2 (top_k) energy=0.9463 recon=9.51e-08 ortho=4.40e-15
2026-07-25 16:14:24,540 [INFO] layer 17 attn_v    | r=16 r_eff=16 k=2 (top_k) energy=0.8205 recon=6.33e-08 ortho=5.72e-16
2026-07-25 16:14:24,565 [INFO] layer 17 ffn_down  | r=16 r_eff=16 k=2 (top_k) energy=0.8316 recon=9.71e-08 ortho=8.15e-15
2026-07-25 16:14:24,588 [INFO] layer 17 ffn_up    | r=16 r_eff=16 k=2 (top_k) energy=0.8321 recon=1.21e-07 ortho=6.06e-15
2026-07-25 16:14:24,603 [INFO] layer 18 attn_k    | r=16 r_eff=16 k=2 (top_k) energy=0.7247 recon=8.76e-08 ortho=5.51e-15
2026-07-25 16:14:24,617 [INFO] layer 18 attn_q    | r=16 r_eff=16 k=2 (top_k) energy=0.7762 recon=9.18e-08 ortho=3.39e-15
2026-07-25 16:14:24,631 [INFO] layer 18 attn_v    | r=16 r_eff=16 k=2 (top_k) energy=0.8816 recon=8.84e-08 ortho=4.10e-15
2026-07-25 16:14:24,656 [INFO] layer 18 ffn_down  | r=16 r_eff=16 k=2 (top_k) energy=0.8664 recon=1.22e-07 ortho=4.27e-15
2026-07-25 16:14:24,679 [INFO] layer 18 ffn_up    | r=16 r_eff=16 k=2 (top_k) energy=0.9317 recon=6.71e-08 ortho=4.03e-15
2026-07-25 16:14:24,693 [INFO] layer 19 attn_k    | r=16 r_eff=16 k=2 (top_k) energy=0.7709 recon=9.92e-08 ortho=5.28e-15
2026-07-25 16:14:24,708 [INFO] layer 19 attn_q    | r=16 r_eff=16 k=2 (top_k) energy=0.6784 recon=9.57e-08 ortho=5.08e-15
2026-07-25 16:14:24,722 [INFO] layer 19 attn_v    | r=16 r_eff=16 k=2 (top_k) energy=0.8675 recon=9.36e-08 ortho=4.73e-15
2026-07-25 16:14:24,747 [INFO] layer 19 ffn_down  | r=16 r_eff=16 k=2 (top_k) energy=0.8549 recon=9.06e-08 ortho=4.70e-15
2026-07-25 16:14:24,770 [INFO] layer 19 ffn_up    | r=16 r_eff=16 k=2 (top_k) energy=0.8845 recon=8.39e-08 ortho=3.21e-15
2026-07-25 16:14:24,784 [INFO] layer 20 attn_k    | r=16 r_eff=16 k=2 (top_k) energy=0.7360 recon=9.39e-08 ortho=4.87e-15
2026-07-25 16:14:24,799 [INFO] layer 20 attn_q    | r=16 r_eff=16 k=2 (top_k) energy=0.9308 recon=8.72e-08 ortho=5.13e-15
2026-07-25 16:14:24,813 [INFO] layer 20 attn_v    | r=16 r_eff=16 k=2 (top_k) energy=0.8765 recon=9.48e-08 ortho=5.35e-15
2026-07-25 16:14:24,838 [INFO] layer 20 ffn_down  | r=16 r_eff=16 k=2 (top_k) energy=0.7884 recon=9.89e-08 ortho=4.97e-16
2026-07-25 16:14:24,861 [INFO] layer 20 ffn_up    | r=16 r_eff=16 k=2 (top_k) energy=0.9201 recon=8.74e-08 ortho=4.42e-15
2026-07-25 16:14:24,875 [INFO] layer 21 attn_k    | r=16 r_eff=16 k=2 (top_k) energy=0.6751 recon=7.47e-08 ortho=4.88e-15
2026-07-25 16:14:24,889 [INFO] layer 21 attn_q    | r=16 r_eff=16 k=2 (top_k) energy=0.7538 recon=9.48e-08 ortho=1.60e-15
2026-07-25 16:14:24,904 [INFO] layer 21 attn_v    | r=16 r_eff=16 k=2 (top_k) energy=0.9194 recon=8.29e-08 ortho=3.30e-15
2026-07-25 16:14:24,928 [INFO] layer 21 ffn_down  | r=16 r_eff=16 k=2 (top_k) energy=0.8740 recon=1.09e-07 ortho=9.79e-15
2026-07-25 16:14:24,952 [INFO] layer 21 ffn_up    | r=16 r_eff=16 k=2 (top_k) energy=0.9101 recon=9.69e-08 ortho=4.47e-15
2026-07-25 16:14:24,966 [INFO] layer 22 attn_k    | r=16 r_eff=16 k=2 (top_k) energy=0.8231 recon=8.48e-08 ortho=4.14e-15
2026-07-25 16:14:24,980 [INFO] layer 22 attn_q    | r=16 r_eff=16 k=2 (top_k) energy=0.8159 recon=9.09e-08 ortho=6.08e-15
2026-07-25 16:14:24,994 [INFO] layer 22 attn_v    | r=16 r_eff=16 k=2 (top_k) energy=0.7197 recon=8.04e-08 ortho=2.96e-15
2026-07-25 16:14:25,019 [INFO] layer 22 ffn_down  | r=16 r_eff=16 k=2 (top_k) energy=0.7486 recon=9.48e-08 ortho=3.64e-15
2026-07-25 16:14:25,042 [INFO] layer 22 ffn_up    | r=16 r_eff=16 k=2 (top_k) energy=0.9262 recon=1.06e-07 ortho=5.28e-15
2026-07-25 16:14:25,057 [INFO] layer 23 attn_k    | r=16 r_eff=16 k=2 (top_k) energy=0.7865 recon=7.41e-08 ortho=2.53e-15
2026-07-25 16:14:25,071 [INFO] layer 23 attn_q    | r=16 r_eff=16 k=2 (top_k) energy=0.8864 recon=8.82e-08 ortho=1.78e-15
2026-07-25 16:14:25,085 [INFO] layer 23 attn_v    | r=16 r_eff=16 k=2 (top_k) energy=0.8589 recon=9.73e-08 ortho=3.23e-15
2026-07-25 16:14:25,110 [INFO] layer 23 ffn_down  | r=16 r_eff=16 k=2 (top_k) energy=0.5895 recon=1.26e-07 ortho=6.07e-16
2026-07-25 16:14:25,133 [INFO] layer 23 ffn_up    | r=16 r_eff=16 k=2 (top_k) energy=0.8838 recon=9.93e-08 ortho=4.12e-15
2026-07-25 16:14:25,148 [INFO] layer 24 attn_k    | r=16 r_eff=16 k=2 (top_k) energy=0.6276 recon=1.00e-07 ortho=5.34e-15
2026-07-25 16:14:25,162 [INFO] layer 24 attn_q    | r=16 r_eff=16 k=2 (top_k) energy=0.8957 recon=9.19e-08 ortho=2.90e-15
2026-07-25 16:14:25,176 [INFO] layer 24 attn_v    | r=16 r_eff=16 k=2 (top_k) energy=0.8316 recon=7.43e-08 ortho=2.94e-15
2026-07-25 16:14:25,201 [INFO] layer 24 ffn_down  | r=16 r_eff=16 k=2 (top_k) energy=0.6692 recon=1.19e-07 ortho=1.89e-15
2026-07-25 16:14:25,224 [INFO] layer 24 ffn_up    | r=16 r_eff=16 k=2 (top_k) energy=0.8975 recon=1.15e-07 ortho=1.56e-15
2026-07-25 16:14:25,240 [INFO] layer 25 attn_k    | r=16 r_eff=16 k=2 (top_k) energy=0.8152 recon=9.07e-08 ortho=3.18e-15
2026-07-25 16:14:25,254 [INFO] layer 25 attn_q    | r=16 r_eff=16 k=2 (top_k) energy=0.7583 recon=9.13e-08 ortho=4.68e-15
2026-07-25 16:14:25,268 [INFO] layer 25 attn_v    | r=16 r_eff=16 k=2 (top_k) energy=0.9230 recon=8.10e-08 ortho=5.01e-15
2026-07-25 16:14:25,293 [INFO] layer 25 ffn_down  | r=16 r_eff=16 k=2 (top_k) energy=0.6257 recon=1.33e-07 ortho=1.39e-15
2026-07-25 16:14:25,316 [INFO] layer 25 ffn_up    | r=16 r_eff=16 k=2 (top_k) energy=0.9581 recon=1.04e-07 ortho=6.28e-15
2026-07-25 16:14:25,331 [INFO] layer 26 attn_k    | r=16 r_eff=16 k=2 (top_k) energy=0.8799 recon=8.54e-08 ortho=4.99e-15
2026-07-25 16:14:25,345 [INFO] layer 26 attn_q    | r=16 r_eff=16 k=2 (top_k) energy=0.9071 recon=5.95e-08 ortho=4.71e-16
2026-07-25 16:14:25,359 [INFO] layer 26 attn_v    | r=16 r_eff=16 k=2 (top_k) energy=0.8974 recon=7.71e-08 ortho=3.83e-15
2026-07-25 16:14:25,384 [INFO] layer 26 ffn_down  | r=16 r_eff=16 k=2 (top_k) energy=0.8967 recon=8.82e-08 ortho=2.40e-15
2026-07-25 16:14:25,407 [INFO] layer 26 ffn_up    | r=16 r_eff=16 k=2 (top_k) energy=0.8965 recon=9.92e-08 ortho=3.82e-15
2026-07-25 16:14:25,422 [INFO] layer 27 attn_k    | r=16 r_eff=16 k=2 (top_k) energy=0.8424 recon=9.28e-08 ortho=4.34e-15
2026-07-25 16:14:25,436 [INFO] layer 27 attn_q    | r=16 r_eff=16 k=2 (top_k) energy=0.8632 recon=7.01e-08 ortho=3.69e-15
2026-07-25 16:14:25,450 [INFO] layer 27 attn_v    | r=16 r_eff=16 k=2 (top_k) energy=0.9014 recon=9.39e-08 ortho=3.85e-15
2026-07-25 16:14:25,475 [INFO] layer 27 ffn_down  | r=16 r_eff=16 k=2 (top_k) energy=0.9048 recon=7.62e-08 ortho=5.20e-16
2026-07-25 16:14:25,498 [INFO] layer 27 ffn_up    | r=16 r_eff=16 k=2 (top_k) energy=0.8743 recon=1.01e-07 ortho=5.57e-15
2026-07-25 16:14:25,513 [INFO] layer 28 attn_k    | r=16 r_eff=16 k=2 (top_k) energy=0.8967 recon=9.37e-08 ortho=5.20e-15
2026-07-25 16:14:25,527 [INFO] layer 28 attn_q    | r=16 r_eff=16 k=2 (top_k) energy=0.8311 recon=9.58e-08 ortho=7.11e-15
2026-07-25 16:14:25,541 [INFO] layer 28 attn_v    | r=16 r_eff=16 k=2 (top_k) energy=0.8258 recon=1.00e-07 ortho=5.16e-15
2026-07-25 16:14:25,566 [INFO] layer 28 ffn_down  | r=16 r_eff=16 k=2 (top_k) energy=0.9644 recon=6.54e-08 ortho=2.06e-15
2026-07-25 16:14:25,589 [INFO] layer 28 ffn_up    | r=16 r_eff=16 k=2 (top_k) energy=0.9195 recon=8.51e-08 ortho=4.72e-15
2026-07-25 16:14:25,604 [INFO] layer 29 attn_k    | r=16 r_eff=16 k=2 (top_k) energy=0.8246 recon=7.64e-08 ortho=4.27e-15
2026-07-25 16:14:25,618 [INFO] layer 29 attn_q    | r=16 r_eff=16 k=2 (top_k) energy=0.8368 recon=7.54e-08 ortho=2.24e-15
2026-07-25 16:14:25,632 [INFO] layer 29 attn_v    | r=16 r_eff=16 k=2 (top_k) energy=0.8647 recon=8.38e-08 ortho=1.26e-15
2026-07-25 16:14:25,657 [INFO] layer 29 ffn_down  | r=16 r_eff=16 k=2 (top_k) energy=0.9694 recon=9.17e-08 ortho=3.87e-15
2026-07-25 16:14:25,680 [INFO] layer 29 ffn_up    | r=16 r_eff=16 k=2 (top_k) energy=0.9497 recon=9.41e-08 ortho=3.39e-15
2026-07-25 16:14:25,695 [INFO] layer 30 attn_k    | r=16 r_eff=16 k=2 (top_k) energy=0.8729 recon=5.83e-08 ortho=4.04e-16
2026-07-25 16:14:25,709 [INFO] layer 30 attn_q    | r=16 r_eff=16 k=2 (top_k) energy=0.9035 recon=7.04e-08 ortho=4.03e-15
2026-07-25 16:14:25,723 [INFO] layer 30 attn_v    | r=16 r_eff=16 k=2 (top_k) energy=0.8174 recon=9.07e-08 ortho=4.15e-15
2026-07-25 16:14:25,748 [INFO] layer 30 ffn_down  | r=16 r_eff=16 k=2 (top_k) energy=0.9784 recon=7.36e-08 ortho=4.90e-15
2026-07-25 16:14:25,772 [INFO] layer 30 ffn_up    | r=16 r_eff=16 k=2 (top_k) energy=0.9600 recon=7.55e-08 ortho=3.22e-16
2026-07-25 16:14:25,786 [INFO] layer 31 attn_k    | r=16 r_eff=16 k=2 (top_k) energy=0.8923 recon=4.08e-08 ortho=1.63e-15
2026-07-25 16:14:25,800 [INFO] layer 31 attn_q    | r=16 r_eff=16 k=2 (top_k) energy=0.9506 recon=3.34e-08 ortho=3.33e-15
2026-07-25 16:14:25,814 [INFO] layer 31 attn_v    | r=16 r_eff=16 k=2 (top_k) energy=0.9482 recon=1.02e-07 ortho=7.96e-15
2026-07-25 16:14:25,839 [INFO] layer 31 ffn_down  | r=16 r_eff=16 k=2 (top_k) energy=0.9127 recon=1.14e-07 ortho=2.68e-15
2026-07-25 16:14:25,863 [INFO] layer 31 ffn_up    | r=16 r_eff=16 k=2 (top_k) energy=0.8409 recon=1.03e-07 ortho=2.45e-15
2026-07-25 16:14:25,868 [INFO] ======================================================================
2026-07-25 16:14:25,868 [INFO] ✓ 160 modules → outputs/adapter_subspace_lora/subspaces/topk2
2026-07-25 16:14:25,868 [INFO]   protected_k: min=2 max=2 mean=2.00
2026-07-25 16:14:25,868 [INFO]   max reconstruction error : 1.413e-07
2026-07-25 16:14:25,868 [INFO]   max orthogonality error  : 9.793e-15
2026-07-25 16:14:25,868 [INFO] ======================================================================
[1:energy90] building Q_S  --adapter_subspace_energy 0.90
2026-07-25 16:14:27,121 [INFO] safety adapter: r=16 alpha=32.0 scaling=2.000000 target_modules(cfg)=['v_proj', 'q_proj', 'k_proj', 'down_proj', 'up_proj']
2026-07-25 16:14:27,539 [INFO]   [dense check] layer 0 attn_k: lowrank=6.889e-08 dense=6.902e-08
2026-07-25 16:14:27,541 [INFO] layer  0 attn_k    | r=16 r_eff=16 k=4 (energy) energy=0.9356 recon=6.89e-08 ortho=7.21e-15
2026-07-25 16:14:27,555 [INFO]   [dense check] layer 0 attn_q: lowrank=9.371e-08 dense=6.900e-08
2026-07-25 16:14:27,555 [INFO] layer  0 attn_q    | r=16 r_eff=16 k=5 (energy) energy=0.9038 recon=9.37e-08 ortho=4.28e-15
2026-07-25 16:14:27,570 [INFO] layer  0 attn_v    | r=16 r_eff=16 k=2 (energy) energy=0.9641 recon=6.38e-08 ortho=2.73e-15
2026-07-25 16:14:27,595 [INFO] layer  0 ffn_down  | r=16 r_eff=16 k=4 (energy) energy=0.9077 recon=1.09e-07 ortho=7.30e-15
2026-07-25 16:14:27,619 [INFO] layer  0 ffn_up    | r=16 r_eff=16 k=2 (energy) energy=0.9174 recon=6.69e-08 ortho=3.16e-15
2026-07-25 16:14:27,633 [INFO] layer  1 attn_k    | r=16 r_eff=16 k=8 (energy) energy=0.9096 recon=9.50e-08 ortho=9.25e-15
2026-07-25 16:14:27,648 [INFO] layer  1 attn_q    | r=16 r_eff=16 k=4 (energy) energy=0.9108 recon=8.72e-08 ortho=4.37e-15
2026-07-25 16:14:27,664 [INFO] layer  1 attn_v    | r=16 r_eff=16 k=1 (energy) energy=0.9580 recon=7.43e-08 ortho=1.78e-15
2026-07-25 16:14:27,686 [INFO] layer  1 ffn_down  | r=16 r_eff=16 k=1 (energy) energy=0.9849 recon=9.11e-08 ortho=3.55e-15
2026-07-25 16:14:27,710 [INFO] layer  1 ffn_up    | r=16 r_eff=16 k=6 (energy) energy=0.9014 recon=1.07e-07 ortho=9.76e-15
2026-07-25 16:14:27,724 [INFO] layer  2 attn_k    | r=16 r_eff=16 k=7 (energy) energy=0.9182 recon=1.01e-07 ortho=7.99e-15
2026-07-25 16:14:27,737 [INFO] layer  2 attn_q    | r=16 r_eff=16 k=5 (energy) energy=0.9115 recon=9.66e-08 ortho=8.55e-15
2026-07-25 16:14:27,752 [INFO] layer  2 attn_v    | r=16 r_eff=16 k=2 (energy) energy=0.9277 recon=8.10e-08 ortho=5.28e-15
2026-07-25 16:14:27,777 [INFO] layer  2 ffn_down  | r=16 r_eff=16 k=10 (energy) energy=0.9134 recon=1.32e-07 ortho=1.07e-14
2026-07-25 16:14:27,800 [INFO] layer  2 ffn_up    | r=16 r_eff=16 k=9 (energy) energy=0.9185 recon=1.08e-07 ortho=4.80e-15
2026-07-25 16:14:27,815 [INFO] layer  3 attn_k    | r=16 r_eff=16 k=10 (energy) energy=0.9200 recon=9.53e-08 ortho=7.10e-15
2026-07-25 16:14:27,828 [INFO] layer  3 attn_q    | r=16 r_eff=16 k=11 (energy) energy=0.9235 recon=9.47e-08 ortho=6.40e-15
2026-07-25 16:14:27,842 [INFO] layer  3 attn_v    | r=16 r_eff=16 k=3 (energy) energy=0.9250 recon=8.98e-08 ortho=2.97e-15
2026-07-25 16:14:27,867 [INFO] layer  3 ffn_down  | r=16 r_eff=16 k=10 (energy) energy=0.9077 recon=1.33e-07 ortho=8.17e-15
2026-07-25 16:14:27,891 [INFO] layer  3 ffn_up    | r=16 r_eff=16 k=12 (energy) energy=0.9208 recon=1.30e-07 ortho=6.50e-15
2026-07-25 16:14:27,905 [INFO] layer  4 attn_k    | r=16 r_eff=16 k=8 (energy) energy=0.9131 recon=8.55e-08 ortho=8.80e-15
2026-07-25 16:14:27,919 [INFO] layer  4 attn_q    | r=16 r_eff=16 k=5 (energy) energy=0.9130 recon=8.08e-08 ortho=4.36e-15
2026-07-25 16:14:27,933 [INFO] layer  4 attn_v    | r=16 r_eff=16 k=2 (energy) energy=0.9240 recon=8.73e-08 ortho=1.44e-15
2026-07-25 16:14:27,969 [INFO] layer  4 ffn_down  | r=16 r_eff=16 k=7 (energy) energy=0.9118 recon=1.20e-07 ortho=6.23e-15
2026-07-25 16:14:27,993 [INFO] layer  4 ffn_up    | r=16 r_eff=16 k=8 (energy) energy=0.9150 recon=1.28e-07 ortho=1.18e-14
2026-07-25 16:14:28,006 [INFO] layer  5 attn_k    | r=16 r_eff=16 k=9 (energy) energy=0.9045 recon=9.64e-08 ortho=4.98e-15
2026-07-25 16:14:28,021 [INFO] layer  5 attn_q    | r=16 r_eff=16 k=10 (energy) energy=0.9146 recon=1.02e-07 ortho=8.26e-15
2026-07-25 16:14:28,035 [INFO] layer  5 attn_v    | r=16 r_eff=16 k=2 (energy) energy=0.9090 recon=9.26e-08 ortho=3.47e-15
2026-07-25 16:14:28,061 [INFO] layer  5 ffn_down  | r=16 r_eff=16 k=10 (energy) energy=0.9123 recon=1.41e-07 ortho=1.20e-14
2026-07-25 16:14:28,084 [INFO] layer  5 ffn_up    | r=16 r_eff=16 k=8 (energy) energy=0.9026 recon=9.80e-08 ortho=7.14e-15
2026-07-25 16:14:28,099 [INFO] layer  6 attn_k    | r=16 r_eff=16 k=4 (energy) energy=0.9069 recon=8.44e-08 ortho=5.88e-15
2026-07-25 16:14:28,113 [INFO] layer  6 attn_q    | r=16 r_eff=16 k=6 (energy) energy=0.9123 recon=7.91e-08 ortho=5.34e-15
2026-07-25 16:14:28,128 [INFO] layer  6 attn_v    | r=16 r_eff=16 k=2 (energy) energy=0.9145 recon=7.97e-08 ortho=1.91e-15
2026-07-25 16:14:28,150 [INFO] layer  6 ffn_down  | r=16 r_eff=16 k=7 (energy) energy=0.9126 recon=1.23e-07 ortho=6.85e-15
2026-07-25 16:14:28,173 [INFO] layer  6 ffn_up    | r=16 r_eff=16 k=7 (energy) energy=0.9153 recon=1.07e-07 ortho=6.31e-15
2026-07-25 16:14:28,187 [INFO] layer  7 attn_k    | r=16 r_eff=16 k=7 (energy) energy=0.9027 recon=8.25e-08 ortho=7.59e-15
2026-07-25 16:14:28,200 [INFO] layer  7 attn_q    | r=16 r_eff=16 k=7 (energy) energy=0.9104 recon=8.09e-08 ortho=4.97e-15
2026-07-25 16:14:28,214 [INFO] layer  7 attn_v    | r=16 r_eff=16 k=3 (energy) energy=0.9007 recon=9.35e-08 ortho=4.25e-15
2026-07-25 16:14:28,236 [INFO] layer  7 ffn_down  | r=16 r_eff=16 k=5 (energy) energy=0.9144 recon=1.25e-07 ortho=4.91e-15
2026-07-25 16:14:28,259 [INFO] layer  7 ffn_up    | r=16 r_eff=16 k=9 (energy) energy=0.9090 recon=1.09e-07 ortho=5.25e-15
2026-07-25 16:14:28,274 [INFO] layer  8 attn_k    | r=16 r_eff=16 k=4 (energy) energy=0.9007 recon=7.77e-08 ortho=8.86e-15
2026-07-25 16:14:28,287 [INFO] layer  8 attn_q    | r=16 r_eff=16 k=5 (energy) energy=0.9017 recon=9.03e-08 ortho=5.66e-15
2026-07-25 16:14:28,301 [INFO] layer  8 attn_v    | r=16 r_eff=16 k=3 (energy) energy=0.9036 recon=6.93e-08 ortho=3.84e-15
2026-07-25 16:14:28,326 [INFO] layer  8 ffn_down  | r=16 r_eff=16 k=4 (energy) energy=0.9020 recon=1.14e-07 ortho=5.67e-15
2026-07-25 16:14:28,349 [INFO] layer  8 ffn_up    | r=16 r_eff=16 k=7 (energy) energy=0.9079 recon=7.66e-08 ortho=7.39e-15
2026-07-25 16:14:28,363 [INFO] layer  9 attn_k    | r=16 r_eff=16 k=3 (energy) energy=0.9141 recon=8.16e-08 ortho=4.56e-15
2026-07-25 16:14:28,377 [INFO] layer  9 attn_q    | r=16 r_eff=16 k=4 (energy) energy=0.9054 recon=8.37e-08 ortho=2.92e-15
2026-07-25 16:14:28,390 [INFO] layer  9 attn_v    | r=16 r_eff=16 k=3 (energy) energy=0.9026 recon=7.48e-08 ortho=3.84e-15
2026-07-25 16:14:28,416 [INFO] layer  9 ffn_down  | r=16 r_eff=16 k=4 (energy) energy=0.9006 recon=1.15e-07 ortho=9.39e-15
2026-07-25 16:14:28,439 [INFO] layer  9 ffn_up    | r=16 r_eff=16 k=6 (energy) energy=0.9160 recon=9.45e-08 ortho=6.12e-15
2026-07-25 16:14:28,453 [INFO] layer 10 attn_k    | r=16 r_eff=16 k=9 (energy) energy=0.9021 recon=1.04e-07 ortho=6.98e-15
2026-07-25 16:14:28,467 [INFO] layer 10 attn_q    | r=16 r_eff=16 k=8 (energy) energy=0.9051 recon=1.05e-07 ortho=6.08e-15
2026-07-25 16:14:28,481 [INFO] layer 10 attn_v    | r=16 r_eff=16 k=3 (energy) energy=0.9073 recon=8.11e-08 ortho=4.62e-15
2026-07-25 16:14:28,506 [INFO] layer 10 ffn_down  | r=16 r_eff=16 k=2 (energy) energy=0.9041 recon=8.54e-08 ortho=8.33e-16
2026-07-25 16:14:28,529 [INFO] layer 10 ffn_up    | r=16 r_eff=16 k=5 (energy) energy=0.9164 recon=8.78e-08 ortho=6.07e-15
2026-07-25 16:14:28,543 [INFO] layer 11 attn_k    | r=16 r_eff=16 k=8 (energy) energy=0.9118 recon=9.74e-08 ortho=7.36e-15
2026-07-25 16:14:28,557 [INFO] layer 11 attn_q    | r=16 r_eff=16 k=5 (energy) energy=0.9031 recon=8.74e-08 ortho=3.31e-15
2026-07-25 16:14:28,570 [INFO] layer 11 attn_v    | r=16 r_eff=16 k=3 (energy) energy=0.9010 recon=8.35e-08 ortho=3.31e-15
2026-07-25 16:14:28,596 [INFO] layer 11 ffn_down  | r=16 r_eff=16 k=2 (energy) energy=0.9039 recon=8.44e-08 ortho=1.15e-15
2026-07-25 16:14:28,618 [INFO] layer 11 ffn_up    | r=16 r_eff=16 k=5 (energy) energy=0.9107 recon=8.11e-08 ortho=3.37e-15
2026-07-25 16:14:28,632 [INFO] layer 12 attn_k    | r=16 r_eff=16 k=7 (energy) energy=0.9071 recon=9.31e-08 ortho=3.41e-15
2026-07-25 16:14:28,646 [INFO] layer 12 attn_q    | r=16 r_eff=16 k=10 (energy) energy=0.9195 recon=9.72e-08 ortho=6.98e-15
2026-07-25 16:14:28,660 [INFO] layer 12 attn_v    | r=16 r_eff=16 k=5 (energy) energy=0.9186 recon=9.16e-08 ortho=3.98e-15
2026-07-25 16:14:28,685 [INFO] layer 12 ffn_down  | r=16 r_eff=16 k=2 (energy) energy=0.9036 recon=1.23e-07 ortho=8.37e-15
2026-07-25 16:14:28,707 [INFO] layer 12 ffn_up    | r=16 r_eff=16 k=5 (energy) energy=0.9117 recon=1.05e-07 ortho=7.47e-15
2026-07-25 16:14:28,721 [INFO] layer 13 attn_k    | r=16 r_eff=16 k=5 (energy) energy=0.9065 recon=9.23e-08 ortho=5.67e-15
2026-07-25 16:14:28,736 [INFO] layer 13 attn_q    | r=16 r_eff=16 k=6 (energy) energy=0.9070 recon=7.91e-08 ortho=5.87e-15
2026-07-25 16:14:28,750 [INFO] layer 13 attn_v    | r=16 r_eff=16 k=4 (energy) energy=0.9194 recon=7.20e-08 ortho=2.77e-15
2026-07-25 16:14:28,775 [INFO] layer 13 ffn_down  | r=16 r_eff=16 k=4 (energy) energy=0.9112 recon=1.05e-07 ortho=3.40e-15
2026-07-25 16:14:28,798 [INFO] layer 13 ffn_up    | r=16 r_eff=16 k=3 (energy) energy=0.9087 recon=1.06e-07 ortho=3.39e-15
2026-07-25 16:14:28,812 [INFO] layer 14 attn_k    | r=16 r_eff=16 k=8 (energy) energy=0.9080 recon=1.05e-07 ortho=1.04e-14
2026-07-25 16:14:28,826 [INFO] layer 14 attn_q    | r=16 r_eff=16 k=9 (energy) energy=0.9088 recon=8.75e-08 ortho=7.80e-15
2026-07-25 16:14:28,840 [INFO] layer 14 attn_v    | r=16 r_eff=16 k=4 (energy) energy=0.9062 recon=8.66e-08 ortho=7.18e-15
2026-07-25 16:14:28,865 [INFO] layer 14 ffn_down  | r=16 r_eff=16 k=2 (energy) energy=0.9128 recon=1.07e-07 ortho=5.62e-15
2026-07-25 16:14:28,888 [INFO] layer 14 ffn_up    | r=16 r_eff=16 k=5 (energy) energy=0.9080 recon=1.10e-07 ortho=5.16e-15
2026-07-25 16:14:28,902 [INFO] layer 15 attn_k    | r=16 r_eff=16 k=4 (energy) energy=0.9197 recon=9.15e-08 ortho=2.69e-15
2026-07-25 16:14:28,916 [INFO] layer 15 attn_q    | r=16 r_eff=16 k=3 (energy) energy=0.9150 recon=8.49e-08 ortho=2.01e-15
2026-07-25 16:14:28,929 [INFO] layer 15 attn_v    | r=16 r_eff=16 k=3 (energy) energy=0.9288 recon=9.58e-08 ortho=3.26e-15
2026-07-25 16:14:28,952 [INFO] layer 15 ffn_down  | r=16 r_eff=16 k=3 (energy) energy=0.9191 recon=1.07e-07 ortho=6.81e-15
2026-07-25 16:14:28,974 [INFO] layer 15 ffn_up    | r=16 r_eff=16 k=3 (energy) energy=0.9157 recon=1.01e-07 ortho=3.74e-15
2026-07-25 16:14:28,989 [INFO] layer 16 attn_k    | r=16 r_eff=16 k=6 (energy) energy=0.9006 recon=8.42e-08 ortho=7.56e-15
2026-07-25 16:14:29,003 [INFO] layer 16 attn_q    | r=16 r_eff=16 k=5 (energy) energy=0.9101 recon=8.98e-08 ortho=4.12e-15
2026-07-25 16:14:29,017 [INFO] layer 16 attn_v    | r=16 r_eff=16 k=4 (energy) energy=0.9130 recon=9.69e-08 ortho=8.62e-15
2026-07-25 16:14:29,042 [INFO] layer 16 ffn_down  | r=16 r_eff=16 k=2 (energy) energy=0.9132 recon=1.14e-07 ortho=3.78e-15
2026-07-25 16:14:29,064 [INFO] layer 16 ffn_up    | r=16 r_eff=16 k=1 (energy) energy=0.9157 recon=8.30e-08 ortho=2.44e-15
2026-07-25 16:14:29,078 [INFO] layer 17 attn_k    | r=16 r_eff=16 k=1 (energy) energy=0.9193 recon=5.45e-08 ortho=4.44e-16
2026-07-25 16:14:29,091 [INFO] layer 17 attn_q    | r=16 r_eff=16 k=1 (energy) energy=0.9309 recon=9.51e-08 ortho=2.89e-15
2026-07-25 16:14:29,106 [INFO] layer 17 attn_v    | r=16 r_eff=16 k=4 (energy) energy=0.9136 recon=6.33e-08 ortho=4.14e-15
2026-07-25 16:14:29,131 [INFO] layer 17 ffn_down  | r=16 r_eff=16 k=4 (energy) energy=0.9172 recon=9.71e-08 ortho=9.14e-15
2026-07-25 16:14:29,154 [INFO] layer 17 ffn_up    | r=16 r_eff=16 k=4 (energy) energy=0.9154 recon=1.21e-07 ortho=7.53e-15
2026-07-25 16:14:29,168 [INFO] layer 18 attn_k    | r=16 r_eff=16 k=7 (energy) energy=0.9036 recon=8.76e-08 ortho=7.47e-15
2026-07-25 16:14:29,182 [INFO] layer 18 attn_q    | r=16 r_eff=16 k=6 (energy) energy=0.9035 recon=9.18e-08 ortho=8.15e-15
2026-07-25 16:14:29,196 [INFO] layer 18 attn_v    | r=16 r_eff=16 k=3 (energy) energy=0.9283 recon=8.84e-08 ortho=3.14e-15
2026-07-25 16:14:29,218 [INFO] layer 18 ffn_down  | r=16 r_eff=16 k=3 (energy) energy=0.9220 recon=1.22e-07 ortho=2.97e-15
2026-07-25 16:14:29,242 [INFO] layer 18 ffn_up    | r=16 r_eff=16 k=2 (energy) energy=0.9317 recon=6.71e-08 ortho=4.03e-15
2026-07-25 16:14:29,255 [INFO] layer 19 attn_k    | r=16 r_eff=16 k=7 (energy) energy=0.9130 recon=9.92e-08 ortho=6.86e-15
2026-07-25 16:14:29,269 [INFO] layer 19 attn_q    | r=16 r_eff=16 k=7 (energy) energy=0.9031 recon=9.57e-08 ortho=5.83e-15
2026-07-25 16:14:29,283 [INFO] layer 19 attn_v    | r=16 r_eff=16 k=4 (energy) energy=0.9205 recon=9.36e-08 ortho=8.56e-15
2026-07-25 16:14:29,309 [INFO] layer 19 ffn_down  | r=16 r_eff=16 k=4 (energy) energy=0.9194 recon=9.06e-08 ortho=8.99e-15
2026-07-25 16:14:29,331 [INFO] layer 19 ffn_up    | r=16 r_eff=16 k=3 (energy) energy=0.9168 recon=8.39e-08 ortho=4.34e-15
2026-07-25 16:14:29,346 [INFO] layer 20 attn_k    | r=16 r_eff=16 k=8 (energy) energy=0.9080 recon=9.39e-08 ortho=6.31e-15
2026-07-25 16:14:29,360 [INFO] layer 20 attn_q    | r=16 r_eff=16 k=2 (energy) energy=0.9308 recon=8.72e-08 ortho=5.13e-15
2026-07-25 16:14:29,374 [INFO] layer 20 attn_v    | r=16 r_eff=16 k=3 (energy) energy=0.9163 recon=9.48e-08 ortho=5.11e-15
2026-07-25 16:14:29,396 [INFO] layer 20 ffn_down  | r=16 r_eff=16 k=5 (energy) energy=0.9050 recon=9.89e-08 ortho=6.61e-15
2026-07-25 16:14:29,420 [INFO] layer 20 ffn_up    | r=16 r_eff=16 k=2 (energy) energy=0.9201 recon=8.74e-08 ortho=4.42e-15
2026-07-25 16:14:29,434 [INFO] layer 21 attn_k    | r=16 r_eff=16 k=8 (energy) energy=0.9101 recon=7.47e-08 ortho=8.02e-15
2026-07-25 16:14:29,448 [INFO] layer 21 attn_q    | r=16 r_eff=16 k=6 (energy) energy=0.9148 recon=9.48e-08 ortho=7.26e-15
2026-07-25 16:14:29,463 [INFO] layer 21 attn_v    | r=16 r_eff=16 k=2 (energy) energy=0.9194 recon=8.29e-08 ortho=3.30e-15
2026-07-25 16:14:29,488 [INFO] layer 21 ffn_down  | r=16 r_eff=16 k=4 (energy) energy=0.9171 recon=1.09e-07 ortho=1.10e-14
2026-07-25 16:14:29,511 [INFO] layer 21 ffn_up    | r=16 r_eff=16 k=2 (energy) energy=0.9101 recon=9.69e-08 ortho=4.47e-15
2026-07-25 16:14:29,526 [INFO] layer 22 attn_k    | r=16 r_eff=16 k=4 (energy) energy=0.9012 recon=8.48e-08 ortho=5.78e-15
2026-07-25 16:14:29,540 [INFO] layer 22 attn_q    | r=16 r_eff=16 k=4 (energy) energy=0.9021 recon=9.09e-08 ortho=6.17e-15
2026-07-25 16:14:29,554 [INFO] layer 22 attn_v    | r=16 r_eff=16 k=4 (energy) energy=0.9090 recon=8.04e-08 ortho=4.35e-15
2026-07-25 16:14:29,577 [INFO] layer 22 ffn_down  | r=16 r_eff=16 k=7 (energy) energy=0.9097 recon=9.48e-08 ortho=6.82e-15
2026-07-25 16:14:29,600 [INFO] layer 22 ffn_up    | r=16 r_eff=16 k=2 (energy) energy=0.9262 recon=1.06e-07 ortho=5.28e-15
2026-07-25 16:14:29,615 [INFO] layer 23 attn_k    | r=16 r_eff=16 k=6 (energy) energy=0.9089 recon=7.41e-08 ortho=6.73e-15
2026-07-25 16:14:29,628 [INFO] layer 23 attn_q    | r=16 r_eff=16 k=3 (energy) energy=0.9076 recon=8.82e-08 ortho=4.57e-15
2026-07-25 16:14:29,643 [INFO] layer 23 attn_v    | r=16 r_eff=16 k=4 (energy) energy=0.9150 recon=9.73e-08 ortho=6.09e-15
2026-07-25 16:14:29,665 [INFO] layer 23 ffn_down  | r=16 r_eff=16 k=9 (energy) energy=0.9189 recon=1.26e-07 ortho=5.96e-15
2026-07-25 16:14:29,688 [INFO] layer 23 ffn_up    | r=16 r_eff=16 k=3 (energy) energy=0.9127 recon=9.93e-08 ortho=4.62e-15
2026-07-25 16:14:29,702 [INFO] layer 24 attn_k    | r=16 r_eff=16 k=9 (energy) energy=0.9109 recon=1.00e-07 ortho=5.76e-15
2026-07-25 16:14:29,715 [INFO] layer 24 attn_q    | r=16 r_eff=16 k=3 (energy) energy=0.9181 recon=9.19e-08 ortho=3.86e-15
2026-07-25 16:14:29,730 [INFO] layer 24 attn_v    | r=16 r_eff=16 k=4 (energy) energy=0.9259 recon=7.43e-08 ortho=5.10e-15
2026-07-25 16:14:29,755 [INFO] layer 24 ffn_down  | r=16 r_eff=16 k=8 (energy) energy=0.9170 recon=1.19e-07 ortho=8.20e-15
2026-07-25 16:14:29,777 [INFO] layer 24 ffn_up    | r=16 r_eff=16 k=3 (energy) energy=0.9244 recon=1.15e-07 ortho=5.56e-15
2026-07-25 16:14:29,792 [INFO] layer 25 attn_k    | r=16 r_eff=16 k=5 (energy) energy=0.9089 recon=9.07e-08 ortho=4.63e-15
2026-07-25 16:14:29,806 [INFO] layer 25 attn_q    | r=16 r_eff=16 k=5 (energy) energy=0.9052 recon=9.13e-08 ortho=3.18e-15
2026-07-25 16:14:29,820 [INFO] layer 25 attn_v    | r=16 r_eff=16 k=2 (energy) energy=0.9230 recon=8.10e-08 ortho=5.01e-15
2026-07-25 16:14:29,846 [INFO] layer 25 ffn_down  | r=16 r_eff=16 k=8 (energy) energy=0.9040 recon=1.33e-07 ortho=6.18e-15
2026-07-25 16:14:29,868 [INFO] layer 25 ffn_up    | r=16 r_eff=16 k=1 (energy) energy=0.9460 recon=1.04e-07 ortho=2.66e-15
2026-07-25 16:14:29,882 [INFO] layer 26 attn_k    | r=16 r_eff=16 k=3 (energy) energy=0.9085 recon=8.54e-08 ortho=5.25e-15
2026-07-25 16:14:29,896 [INFO] layer 26 attn_q    | r=16 r_eff=16 k=2 (energy) energy=0.9071 recon=5.95e-08 ortho=4.71e-16
2026-07-25 16:14:29,910 [INFO] layer 26 attn_v    | r=16 r_eff=16 k=3 (energy) energy=0.9414 recon=7.71e-08 ortho=4.96e-15
2026-07-25 16:14:29,932 [INFO] layer 26 ffn_down  | r=16 r_eff=16 k=3 (energy) energy=0.9186 recon=8.82e-08 ortho=5.20e-15
2026-07-25 16:14:29,955 [INFO] layer 26 ffn_up    | r=16 r_eff=16 k=3 (energy) energy=0.9242 recon=9.92e-08 ortho=4.58e-15
2026-07-25 16:14:29,969 [INFO] layer 27 attn_k    | r=16 r_eff=16 k=4 (energy) energy=0.9018 recon=9.28e-08 ortho=5.57e-15
2026-07-25 16:14:29,983 [INFO] layer 27 attn_q    | r=16 r_eff=16 k=4 (energy) energy=0.9133 recon=7.01e-08 ortho=3.91e-15
2026-07-25 16:14:29,998 [INFO] layer 27 attn_v    | r=16 r_eff=16 k=2 (energy) energy=0.9014 recon=9.39e-08 ortho=3.85e-15
2026-07-25 16:14:30,023 [INFO] layer 27 ffn_down  | r=16 r_eff=16 k=2 (energy) energy=0.9048 recon=7.62e-08 ortho=5.20e-16
2026-07-25 16:14:30,046 [INFO] layer 27 ffn_up    | r=16 r_eff=16 k=3 (energy) energy=0.9032 recon=1.01e-07 ortho=6.82e-15
2026-07-25 16:14:30,059 [INFO] layer 28 attn_k    | r=16 r_eff=16 k=3 (energy) energy=0.9191 recon=9.37e-08 ortho=6.92e-15
2026-07-25 16:14:30,073 [INFO] layer 28 attn_q    | r=16 r_eff=16 k=5 (energy) energy=0.9082 recon=9.58e-08 ortho=6.18e-15
2026-07-25 16:14:30,087 [INFO] layer 28 attn_v    | r=16 r_eff=16 k=4 (energy) energy=0.9066 recon=1.00e-07 ortho=6.09e-15
2026-07-25 16:14:30,110 [INFO] layer 28 ffn_down  | r=16 r_eff=16 k=1 (energy) energy=0.9516 recon=6.54e-08 ortho=2.44e-15
2026-07-25 16:14:30,133 [INFO] layer 28 ffn_up    | r=16 r_eff=16 k=2 (energy) energy=0.9195 recon=8.51e-08 ortho=4.72e-15
2026-07-25 16:14:30,147 [INFO] layer 29 attn_k    | r=16 r_eff=16 k=5 (energy) energy=0.9005 recon=7.64e-08 ortho=7.40e-15
2026-07-25 16:14:30,160 [INFO] layer 29 attn_q    | r=16 r_eff=16 k=5 (energy) energy=0.9162 recon=7.54e-08 ortho=3.43e-15
2026-07-25 16:14:30,174 [INFO] layer 29 attn_v    | r=16 r_eff=16 k=3 (energy) energy=0.9130 recon=8.38e-08 ortho=2.66e-15
2026-07-25 16:14:30,196 [INFO] layer 29 ffn_down  | r=16 r_eff=16 k=1 (energy) energy=0.9433 recon=9.17e-08 ortho=8.88e-16
2026-07-25 16:14:30,218 [INFO] layer 29 ffn_up    | r=16 r_eff=16 k=1 (energy) energy=0.9349 recon=9.41e-08 ortho=2.22e-15
2026-07-25 16:14:30,232 [INFO] layer 30 attn_k    | r=16 r_eff=16 k=3 (energy) energy=0.9179 recon=5.83e-08 ortho=4.06e-15
2026-07-25 16:14:30,247 [INFO] layer 30 attn_q    | r=16 r_eff=16 k=2 (energy) energy=0.9035 recon=7.04e-08 ortho=4.03e-15
2026-07-25 16:14:30,261 [INFO] layer 30 attn_v    | r=16 r_eff=16 k=4 (energy) energy=0.9181 recon=9.07e-08 ortho=4.39e-15
2026-07-25 16:14:30,283 [INFO] layer 30 ffn_down  | r=16 r_eff=16 k=1 (energy) energy=0.9176 recon=7.36e-08 ortho=3.33e-15
2026-07-25 16:14:30,306 [INFO] layer 30 ffn_up    | r=16 r_eff=16 k=1 (energy) energy=0.9445 recon=7.55e-08 ortho=2.22e-15
2026-07-25 16:14:30,319 [INFO] layer 31 attn_k    | r=16 r_eff=16 k=3 (energy) energy=0.9171 recon=4.08e-08 ortho=5.58e-15
2026-07-25 16:14:30,333 [INFO] layer 31 attn_q    | r=16 r_eff=16 k=1 (energy) energy=0.9250 recon=3.34e-08 ortho=4.44e-15
2026-07-25 16:14:30,347 [INFO] layer 31 attn_v    | r=16 r_eff=16 k=2 (energy) energy=0.9482 recon=1.02e-07 ortho=7.96e-15
2026-07-25 16:14:30,372 [INFO] layer 31 ffn_down  | r=16 r_eff=16 k=2 (energy) energy=0.9127 recon=1.14e-07 ortho=2.68e-15
2026-07-25 16:14:30,396 [INFO] layer 31 ffn_up    | r=16 r_eff=16 k=4 (energy) energy=0.9027 recon=1.03e-07 ortho=6.60e-15
2026-07-25 16:14:30,401 [INFO] ======================================================================
2026-07-25 16:14:30,401 [INFO] ✓ 160 modules → outputs/adapter_subspace_lora/subspaces/energy90
2026-07-25 16:14:30,401 [INFO]   protected_k: min=1 max=12 mean=4.54
2026-07-25 16:14:30,401 [INFO]   max reconstruction error : 1.413e-07
2026-07-25 16:14:30,401 [INFO]   max orthogonality error  : 1.198e-14
2026-07-25 16:14:30,401 [INFO] ======================================================================
[1:energy99] building Q_S  --adapter_subspace_energy 0.99
2026-07-25 16:14:31,649 [INFO] safety adapter: r=16 alpha=32.0 scaling=2.000000 target_modules(cfg)=['v_proj', 'q_proj', 'k_proj', 'down_proj', 'up_proj']
2026-07-25 16:14:32,053 [INFO]   [dense check] layer 0 attn_k: lowrank=6.889e-08 dense=6.902e-08
2026-07-25 16:14:32,054 [INFO] layer  0 attn_k    | r=16 r_eff=16 k=11 (energy) energy=0.9924 recon=6.89e-08 ortho=7.52e-15
2026-07-25 16:14:32,070 [INFO]   [dense check] layer 0 attn_q: lowrank=9.371e-08 dense=6.900e-08
2026-07-25 16:14:32,071 [INFO] layer  0 attn_q    | r=16 r_eff=16 k=14 (energy) energy=0.9935 recon=9.37e-08 ortho=8.80e-15
2026-07-25 16:14:32,085 [INFO] layer  0 attn_v    | r=16 r_eff=16 k=5 (energy) energy=0.9903 recon=6.38e-08 ortho=2.72e-15
2026-07-25 16:14:32,120 [INFO] layer  0 ffn_down  | r=16 r_eff=16 k=13 (energy) energy=0.9918 recon=1.09e-07 ortho=1.07e-14
2026-07-25 16:14:32,142 [INFO] layer  0 ffn_up    | r=16 r_eff=16 k=13 (energy) energy=0.9917 recon=6.69e-08 ortho=9.11e-15
2026-07-25 16:14:32,157 [INFO] layer  1 attn_k    | r=16 r_eff=16 k=14 (energy) energy=0.9904 recon=9.50e-08 ortho=1.33e-14
2026-07-25 16:14:32,170 [INFO] layer  1 attn_q    | r=16 r_eff=16 k=13 (energy) energy=0.9917 recon=8.72e-08 ortho=6.20e-15
2026-07-25 16:14:32,185 [INFO] layer  1 attn_v    | r=16 r_eff=16 k=4 (energy) energy=0.9910 recon=7.43e-08 ortho=2.81e-15
2026-07-25 16:14:32,210 [INFO] layer  1 ffn_down  | r=16 r_eff=16 k=2 (energy) energy=0.9940 recon=9.11e-08 ortho=3.33e-15
2026-07-25 16:14:32,233 [INFO] layer  1 ffn_up    | r=16 r_eff=16 k=14 (energy) energy=0.9917 recon=1.07e-07 ortho=1.28e-14
2026-07-25 16:14:32,248 [INFO] layer  2 attn_k    | r=16 r_eff=16 k=14 (energy) energy=0.9908 recon=1.01e-07 ortho=1.30e-14
2026-07-25 16:14:32,262 [INFO] layer  2 attn_q    | r=16 r_eff=16 k=14 (energy) energy=0.9931 recon=9.66e-08 ortho=1.39e-14
2026-07-25 16:14:32,276 [INFO] layer  2 attn_v    | r=16 r_eff=16 k=11 (energy) energy=0.9916 recon=8.10e-08 ortho=9.11e-15
2026-07-25 16:14:32,302 [INFO] layer  2 ffn_down  | r=16 r_eff=16 k=16 (energy) energy=1.0000 recon=1.32e-07 ortho=1.28e-14
2026-07-25 16:14:32,324 [INFO] layer  2 ffn_up    | r=16 r_eff=16 k=15 (energy) energy=0.9920 recon=1.08e-07 ortho=8.10e-15
2026-07-25 16:14:32,338 [INFO] layer  3 attn_k    | r=16 r_eff=16 k=15 (energy) energy=0.9906 recon=9.53e-08 ortho=7.54e-15
2026-07-25 16:14:32,352 [INFO] layer  3 attn_q    | r=16 r_eff=16 k=15 (energy) energy=0.9915 recon=9.47e-08 ortho=8.64e-15
2026-07-25 16:14:32,366 [INFO] layer  3 attn_v    | r=16 r_eff=16 k=12 (energy) energy=0.9919 recon=8.98e-08 ortho=8.13e-15
2026-07-25 16:14:32,392 [INFO] layer  3 ffn_down  | r=16 r_eff=16 k=16 (energy) energy=1.0000 recon=1.33e-07 ortho=1.06e-14
2026-07-25 16:14:32,415 [INFO] layer  3 ffn_up    | r=16 r_eff=16 k=16 (energy) energy=1.0000 recon=1.30e-07 ortho=7.79e-15
2026-07-25 16:14:32,429 [INFO] layer  4 attn_k    | r=16 r_eff=16 k=15 (energy) energy=0.9928 recon=8.55e-08 ortho=8.66e-15
2026-07-25 16:14:32,443 [INFO] layer  4 attn_q    | r=16 r_eff=16 k=14 (energy) energy=0.9926 recon=8.08e-08 ortho=7.14e-15
2026-07-25 16:14:32,457 [INFO] layer  4 attn_v    | r=16 r_eff=16 k=11 (energy) energy=0.9910 recon=8.73e-08 ortho=6.35e-15
2026-07-25 16:14:32,480 [INFO] layer  4 ffn_down  | r=16 r_eff=16 k=15 (energy) energy=0.9950 recon=1.20e-07 ortho=9.60e-15
2026-07-25 16:14:32,502 [INFO] layer  4 ffn_up    | r=16 r_eff=16 k=15 (energy) energy=0.9931 recon=1.28e-07 ortho=1.26e-14
2026-07-25 16:14:32,516 [INFO] layer  5 attn_k    | r=16 r_eff=16 k=15 (energy) energy=0.9951 recon=9.64e-08 ortho=6.33e-15
2026-07-25 16:14:32,530 [INFO] layer  5 attn_q    | r=16 r_eff=16 k=15 (energy) energy=0.9924 recon=1.02e-07 ortho=9.10e-15
2026-07-25 16:14:32,544 [INFO] layer  5 attn_v    | r=16 r_eff=16 k=12 (energy) energy=0.9926 recon=9.26e-08 ortho=7.44e-15
2026-07-25 16:14:32,570 [INFO] layer  5 ffn_down  | r=16 r_eff=16 k=16 (energy) energy=1.0000 recon=1.41e-07 ortho=1.43e-14
2026-07-25 16:14:32,592 [INFO] layer  5 ffn_up    | r=16 r_eff=16 k=15 (energy) energy=0.9908 recon=9.80e-08 ortho=6.76e-15
2026-07-25 16:14:32,606 [INFO] layer  6 attn_k    | r=16 r_eff=16 k=13 (energy) energy=0.9903 recon=8.44e-08 ortho=9.87e-15
2026-07-25 16:14:32,621 [INFO] layer  6 attn_q    | r=16 r_eff=16 k=14 (energy) energy=0.9915 recon=7.91e-08 ortho=8.88e-15
2026-07-25 16:14:32,634 [INFO] layer  6 attn_v    | r=16 r_eff=16 k=11 (energy) energy=0.9902 recon=7.97e-08 ortho=7.13e-15
2026-07-25 16:14:32,657 [INFO] layer  6 ffn_down  | r=16 r_eff=16 k=15 (energy) energy=0.9938 recon=1.23e-07 ortho=9.57e-15
2026-07-25 16:14:32,680 [INFO] layer  6 ffn_up    | r=16 r_eff=16 k=15 (energy) energy=0.9945 recon=1.07e-07 ortho=9.37e-15
2026-07-25 16:14:32,694 [INFO] layer  7 attn_k    | r=16 r_eff=16 k=14 (energy) energy=0.9904 recon=8.25e-08 ortho=7.61e-15
2026-07-25 16:14:32,708 [INFO] layer  7 attn_q    | r=16 r_eff=16 k=15 (energy) energy=0.9953 recon=8.09e-08 ortho=9.33e-15
2026-07-25 16:14:32,722 [INFO] layer  7 attn_v    | r=16 r_eff=16 k=13 (energy) energy=0.9912 recon=9.35e-08 ortho=7.63e-15
2026-07-25 16:14:32,747 [INFO] layer  7 ffn_down  | r=16 r_eff=16 k=14 (energy) energy=0.9926 recon=1.25e-07 ortho=1.06e-14
2026-07-25 16:14:32,770 [INFO] layer  7 ffn_up    | r=16 r_eff=16 k=15 (energy) energy=0.9923 recon=1.09e-07 ortho=6.82e-15
2026-07-25 16:14:32,784 [INFO] layer  8 attn_k    | r=16 r_eff=16 k=14 (energy) energy=0.9930 recon=7.77e-08 ortho=1.26e-14
2026-07-25 16:14:32,799 [INFO] layer  8 attn_q    | r=16 r_eff=16 k=14 (energy) energy=0.9912 recon=9.03e-08 ortho=1.25e-14
2026-07-25 16:14:32,813 [INFO] layer  8 attn_v    | r=16 r_eff=16 k=13 (energy) energy=0.9916 recon=6.93e-08 ortho=9.00e-15
2026-07-25 16:14:32,838 [INFO] layer  8 ffn_down  | r=16 r_eff=16 k=14 (energy) energy=0.9931 recon=1.14e-07 ortho=1.19e-14
2026-07-25 16:14:32,861 [INFO] layer  8 ffn_up    | r=16 r_eff=16 k=15 (energy) energy=0.9936 recon=7.66e-08 ortho=8.78e-15
2026-07-25 16:14:32,875 [INFO] layer  9 attn_k    | r=16 r_eff=16 k=13 (energy) energy=0.9923 recon=8.16e-08 ortho=8.33e-15
2026-07-25 16:14:32,888 [INFO] layer  9 attn_q    | r=16 r_eff=16 k=13 (energy) energy=0.9904 recon=8.37e-08 ortho=6.55e-15
2026-07-25 16:14:32,902 [INFO] layer  9 attn_v    | r=16 r_eff=16 k=13 (energy) energy=0.9926 recon=7.48e-08 ortho=8.71e-15
2026-07-25 16:14:32,927 [INFO] layer  9 ffn_down  | r=16 r_eff=16 k=14 (energy) energy=0.9927 recon=1.15e-07 ortho=1.52e-14
2026-07-25 16:14:32,951 [INFO] layer  9 ffn_up    | r=16 r_eff=16 k=14 (energy) energy=0.9921 recon=9.45e-08 ortho=1.00e-14
2026-07-25 16:14:32,964 [INFO] layer 10 attn_k    | r=16 r_eff=16 k=15 (energy) energy=0.9916 recon=1.04e-07 ortho=9.37e-15
2026-07-25 16:14:32,978 [INFO] layer 10 attn_q    | r=16 r_eff=16 k=15 (energy) energy=0.9937 recon=1.05e-07 ortho=7.73e-15
2026-07-25 16:14:32,992 [INFO] layer 10 attn_v    | r=16 r_eff=16 k=13 (energy) energy=0.9922 recon=8.11e-08 ortho=8.40e-15
2026-07-25 16:14:33,017 [INFO] layer 10 ffn_down  | r=16 r_eff=16 k=12 (energy) energy=0.9908 recon=8.54e-08 ortho=1.35e-14
2026-07-25 16:14:33,040 [INFO] layer 10 ffn_up    | r=16 r_eff=16 k=14 (energy) energy=0.9924 recon=8.78e-08 ortho=1.08e-14
2026-07-25 16:14:33,054 [INFO] layer 11 attn_k    | r=16 r_eff=16 k=15 (energy) energy=0.9934 recon=9.74e-08 ortho=8.50e-15
2026-07-25 16:14:33,068 [INFO] layer 11 attn_q    | r=16 r_eff=16 k=15 (energy) energy=0.9951 recon=8.74e-08 ortho=5.89e-15
2026-07-25 16:14:33,082 [INFO] layer 11 attn_v    | r=16 r_eff=16 k=13 (energy) energy=0.9926 recon=8.35e-08 ortho=9.51e-15
2026-07-25 16:14:33,104 [INFO] layer 11 ffn_down  | r=16 r_eff=16 k=13 (energy) energy=0.9912 recon=8.44e-08 ortho=6.04e-15
2026-07-25 16:14:33,128 [INFO] layer 11 ffn_up    | r=16 r_eff=16 k=14 (energy) energy=0.9919 recon=8.11e-08 ortho=7.71e-15
2026-07-25 16:14:33,141 [INFO] layer 12 attn_k    | r=16 r_eff=16 k=15 (energy) energy=0.9940 recon=9.31e-08 ortho=8.06e-15
2026-07-25 16:14:33,155 [INFO] layer 12 attn_q    | r=16 r_eff=16 k=15 (energy) energy=0.9909 recon=9.72e-08 ortho=8.19e-15
2026-07-25 16:14:33,169 [INFO] layer 12 attn_v    | r=16 r_eff=16 k=13 (energy) energy=0.9928 recon=9.16e-08 ortho=7.64e-15
2026-07-25 16:14:33,194 [INFO] layer 12 ffn_down  | r=16 r_eff=16 k=12 (energy) energy=0.9909 recon=1.23e-07 ortho=1.47e-14
2026-07-25 16:14:33,217 [INFO] layer 12 ffn_up    | r=16 r_eff=16 k=14 (energy) energy=0.9911 recon=1.05e-07 ortho=1.19e-14
2026-07-25 16:14:33,232 [INFO] layer 13 attn_k    | r=16 r_eff=16 k=14 (energy) energy=0.9928 recon=9.23e-08 ortho=1.29e-14
2026-07-25 16:14:33,245 [INFO] layer 13 attn_q    | r=16 r_eff=16 k=15 (energy) energy=0.9952 recon=7.91e-08 ortho=7.97e-15
2026-07-25 16:14:33,260 [INFO] layer 13 attn_v    | r=16 r_eff=16 k=14 (energy) energy=0.9936 recon=7.20e-08 ortho=8.56e-15
2026-07-25 16:14:33,282 [INFO] layer 13 ffn_down  | r=16 r_eff=16 k=13 (energy) energy=0.9927 recon=1.05e-07 ortho=6.51e-15
2026-07-25 16:14:33,305 [INFO] layer 13 ffn_up    | r=16 r_eff=16 k=13 (energy) energy=0.9914 recon=1.06e-07 ortho=7.43e-15
2026-07-25 16:14:33,319 [INFO] layer 14 attn_k    | r=16 r_eff=16 k=15 (energy) energy=0.9924 recon=1.05e-07 ortho=8.51e-15
2026-07-25 16:14:33,332 [INFO] layer 14 attn_q    | r=16 r_eff=16 k=15 (energy) energy=0.9936 recon=8.75e-08 ortho=1.12e-14
2026-07-25 16:14:33,346 [INFO] layer 14 attn_v    | r=16 r_eff=16 k=13 (energy) energy=0.9913 recon=8.66e-08 ortho=1.14e-14
2026-07-25 16:14:33,371 [INFO] layer 14 ffn_down  | r=16 r_eff=16 k=12 (energy) energy=0.9916 recon=1.07e-07 ortho=1.46e-14
2026-07-25 16:14:33,395 [INFO] layer 14 ffn_up    | r=16 r_eff=16 k=14 (energy) energy=0.9920 recon=1.10e-07 ortho=9.73e-15
2026-07-25 16:14:33,408 [INFO] layer 15 attn_k    | r=16 r_eff=16 k=13 (energy) energy=0.9909 recon=9.15e-08 ortho=7.22e-15
2026-07-25 16:14:33,422 [INFO] layer 15 attn_q    | r=16 r_eff=16 k=13 (energy) energy=0.9914 recon=8.49e-08 ortho=7.79e-15
2026-07-25 16:14:33,436 [INFO] layer 15 attn_v    | r=16 r_eff=16 k=13 (energy) energy=0.9919 recon=9.58e-08 ortho=9.35e-15
2026-07-25 16:14:33,461 [INFO] layer 15 ffn_down  | r=16 r_eff=16 k=12 (energy) energy=0.9907 recon=1.07e-07 ortho=1.14e-14
2026-07-25 16:14:33,484 [INFO] layer 15 ffn_up    | r=16 r_eff=16 k=13 (energy) energy=0.9927 recon=1.01e-07 ortho=6.98e-15
2026-07-25 16:14:33,497 [INFO] layer 16 attn_k    | r=16 r_eff=16 k=15 (energy) energy=0.9949 recon=8.42e-08 ortho=9.60e-15
2026-07-25 16:14:33,512 [INFO] layer 16 attn_q    | r=16 r_eff=16 k=14 (energy) energy=0.9928 recon=8.98e-08 ortho=9.91e-15
2026-07-25 16:14:33,525 [INFO] layer 16 attn_v    | r=16 r_eff=16 k=13 (energy) energy=0.9916 recon=9.69e-08 ortho=9.92e-15
2026-07-25 16:14:33,551 [INFO] layer 16 ffn_down  | r=16 r_eff=16 k=12 (energy) energy=0.9910 recon=1.14e-07 ortho=1.10e-14
2026-07-25 16:14:33,573 [INFO] layer 16 ffn_up    | r=16 r_eff=16 k=11 (energy) energy=0.9920 recon=8.30e-08 ortho=8.70e-15
2026-07-25 16:14:33,587 [INFO] layer 17 attn_k    | r=16 r_eff=16 k=11 (energy) energy=0.9915 recon=5.45e-08 ortho=4.45e-15
2026-07-25 16:14:33,601 [INFO] layer 17 attn_q    | r=16 r_eff=16 k=11 (energy) energy=0.9918 recon=9.51e-08 ortho=8.83e-15
2026-07-25 16:14:33,614 [INFO] layer 17 attn_v    | r=16 r_eff=16 k=13 (energy) energy=0.9913 recon=6.33e-08 ortho=8.84e-15
2026-07-25 16:14:33,640 [INFO] layer 17 ffn_down  | r=16 r_eff=16 k=14 (energy) energy=0.9933 recon=9.71e-08 ortho=1.26e-14
2026-07-25 16:14:33,662 [INFO] layer 17 ffn_up    | r=16 r_eff=16 k=13 (energy) energy=0.9916 recon=1.21e-07 ortho=8.54e-15
2026-07-25 16:14:33,676 [INFO] layer 18 attn_k    | r=16 r_eff=16 k=15 (energy) energy=0.9937 recon=8.76e-08 ortho=1.07e-14
2026-07-25 16:14:33,690 [INFO] layer 18 attn_q    | r=16 r_eff=16 k=15 (energy) energy=0.9955 recon=9.18e-08 ortho=8.03e-15
2026-07-25 16:14:33,703 [INFO] layer 18 attn_v    | r=16 r_eff=16 k=13 (energy) energy=0.9927 recon=8.84e-08 ortho=6.97e-15
2026-07-25 16:14:33,726 [INFO] layer 18 ffn_down  | r=16 r_eff=16 k=13 (energy) energy=0.9928 recon=1.22e-07 ortho=6.88e-15
2026-07-25 16:14:33,748 [INFO] layer 18 ffn_up    | r=16 r_eff=16 k=11 (energy) energy=0.9924 recon=6.71e-08 ortho=7.26e-15
2026-07-25 16:14:33,762 [INFO] layer 19 attn_k    | r=16 r_eff=16 k=15 (energy) energy=0.9946 recon=9.92e-08 ortho=8.70e-15
2026-07-25 16:14:33,776 [INFO] layer 19 attn_q    | r=16 r_eff=16 k=15 (energy) energy=0.9939 recon=9.57e-08 ortho=8.96e-15
2026-07-25 16:14:33,789 [INFO] layer 19 attn_v    | r=16 r_eff=16 k=13 (energy) energy=0.9909 recon=9.36e-08 ortho=9.01e-15
2026-07-25 16:14:33,815 [INFO] layer 19 ffn_down  | r=16 r_eff=16 k=14 (energy) energy=0.9935 recon=9.06e-08 ortho=1.78e-14
2026-07-25 16:14:33,837 [INFO] layer 19 ffn_up    | r=16 r_eff=16 k=13 (energy) energy=0.9927 recon=8.39e-08 ortho=9.91e-15
2026-07-25 16:14:33,851 [INFO] layer 20 attn_k    | r=16 r_eff=16 k=15 (energy) energy=0.9945 recon=9.39e-08 ortho=7.60e-15
2026-07-25 16:14:33,866 [INFO] layer 20 attn_q    | r=16 r_eff=16 k=12 (energy) energy=0.9920 recon=8.72e-08 ortho=9.17e-15
2026-07-25 16:14:33,880 [INFO] layer 20 attn_v    | r=16 r_eff=16 k=12 (energy) energy=0.9909 recon=9.48e-08 ortho=1.20e-14
2026-07-25 16:14:33,906 [INFO] layer 20 ffn_down  | r=16 r_eff=16 k=14 (energy) energy=0.9931 recon=9.89e-08 ortho=1.41e-14
2026-07-25 16:14:33,928 [INFO] layer 20 ffn_up    | r=16 r_eff=16 k=11 (energy) energy=0.9902 recon=8.74e-08 ortho=7.15e-15
2026-07-25 16:14:33,942 [INFO] layer 21 attn_k    | r=16 r_eff=16 k=15 (energy) energy=0.9937 recon=7.47e-08 ortho=7.45e-15
2026-07-25 16:14:33,956 [INFO] layer 21 attn_q    | r=16 r_eff=16 k=14 (energy) energy=0.9922 recon=9.48e-08 ortho=9.76e-15
2026-07-25 16:14:33,970 [INFO] layer 21 attn_v    | r=16 r_eff=16 k=11 (energy) energy=0.9917 recon=8.29e-08 ortho=5.29e-15
2026-07-25 16:14:33,995 [INFO] layer 21 ffn_down  | r=16 r_eff=16 k=14 (energy) energy=0.9925 recon=1.09e-07 ortho=1.55e-14
2026-07-25 16:14:34,018 [INFO] layer 21 ffn_up    | r=16 r_eff=16 k=12 (energy) energy=0.9904 recon=9.69e-08 ortho=8.39e-15
2026-07-25 16:14:34,032 [INFO] layer 22 attn_k    | r=16 r_eff=16 k=13 (energy) energy=0.9903 recon=8.48e-08 ortho=7.13e-15
2026-07-25 16:14:34,046 [INFO] layer 22 attn_q    | r=16 r_eff=16 k=14 (energy) energy=0.9937 recon=9.09e-08 ortho=1.06e-14
2026-07-25 16:14:34,061 [INFO] layer 22 attn_v    | r=16 r_eff=16 k=14 (energy) energy=0.9927 recon=8.04e-08 ortho=9.49e-15
2026-07-25 16:14:34,084 [INFO] layer 22 ffn_down  | r=16 r_eff=16 k=15 (energy) energy=0.9950 recon=9.48e-08 ortho=8.79e-15
2026-07-25 16:14:34,107 [INFO] layer 22 ffn_up    | r=16 r_eff=16 k=12 (energy) energy=0.9922 recon=1.06e-07 ortho=8.84e-15
2026-07-25 16:14:34,121 [INFO] layer 23 attn_k    | r=16 r_eff=16 k=14 (energy) energy=0.9909 recon=7.41e-08 ortho=1.19e-14
2026-07-25 16:14:34,135 [INFO] layer 23 attn_q    | r=16 r_eff=16 k=13 (energy) energy=0.9916 recon=8.82e-08 ortho=9.88e-15
2026-07-25 16:14:34,149 [INFO] layer 23 attn_v    | r=16 r_eff=16 k=13 (energy) energy=0.9911 recon=9.73e-08 ortho=9.51e-15
2026-07-25 16:14:34,171 [INFO] layer 23 ffn_down  | r=16 r_eff=16 k=15 (energy) energy=0.9931 recon=1.26e-07 ortho=8.38e-15
2026-07-25 16:14:34,194 [INFO] layer 23 ffn_up    | r=16 r_eff=16 k=13 (energy) energy=0.9914 recon=9.93e-08 ortho=9.95e-15
2026-07-25 16:14:34,208 [INFO] layer 24 attn_k    | r=16 r_eff=16 k=15 (energy) energy=0.9914 recon=1.00e-07 ortho=8.53e-15
2026-07-25 16:14:34,222 [INFO] layer 24 attn_q    | r=16 r_eff=16 k=13 (energy) energy=0.9925 recon=9.19e-08 ortho=7.37e-15
2026-07-25 16:14:34,235 [INFO] layer 24 attn_v    | r=16 r_eff=16 k=13 (energy) energy=0.9914 recon=7.43e-08 ortho=8.04e-15
2026-07-25 16:14:34,258 [INFO] layer 24 ffn_down  | r=16 r_eff=16 k=15 (energy) energy=0.9932 recon=1.19e-07 ortho=6.33e-15
2026-07-25 16:14:34,281 [INFO] layer 24 ffn_up    | r=16 r_eff=16 k=12 (energy) energy=0.9900 recon=1.15e-07 ortho=1.08e-14
2026-07-25 16:14:34,297 [INFO] layer 25 attn_k    | r=16 r_eff=16 k=14 (energy) energy=0.9917 recon=9.07e-08 ortho=1.01e-14
2026-07-25 16:14:34,311 [INFO] layer 25 attn_q    | r=16 r_eff=16 k=14 (energy) energy=0.9922 recon=9.13e-08 ortho=9.49e-15
2026-07-25 16:14:34,325 [INFO] layer 25 attn_v    | r=16 r_eff=16 k=11 (energy) energy=0.9907 recon=8.10e-08 ortho=8.95e-15
2026-07-25 16:14:34,348 [INFO] layer 25 ffn_down  | r=16 r_eff=16 k=15 (energy) energy=0.9930 recon=1.33e-07 ortho=9.00e-15
2026-07-25 16:14:34,371 [INFO] layer 25 ffn_up    | r=16 r_eff=16 k=10 (energy) energy=0.9907 recon=1.04e-07 ortho=8.65e-15
2026-07-25 16:14:34,386 [INFO] layer 26 attn_k    | r=16 r_eff=16 k=12 (energy) energy=0.9907 recon=8.54e-08 ortho=9.82e-15
2026-07-25 16:14:34,400 [INFO] layer 26 attn_q    | r=16 r_eff=16 k=12 (energy) energy=0.9912 recon=5.95e-08 ortho=7.28e-15
2026-07-25 16:14:34,414 [INFO] layer 26 attn_v    | r=16 r_eff=16 k=11 (energy) energy=0.9910 recon=7.71e-08 ortho=7.73e-15
2026-07-25 16:14:34,436 [INFO] layer 26 ffn_down  | r=16 r_eff=16 k=13 (energy) energy=0.9922 recon=8.82e-08 ortho=9.45e-15
2026-07-25 16:14:34,460 [INFO] layer 26 ffn_up    | r=16 r_eff=16 k=12 (energy) energy=0.9901 recon=9.92e-08 ortho=1.27e-14
2026-07-25 16:14:34,474 [INFO] layer 27 attn_k    | r=16 r_eff=16 k=14 (energy) energy=0.9930 recon=9.28e-08 ortho=8.93e-15
2026-07-25 16:14:34,488 [INFO] layer 27 attn_q    | r=16 r_eff=16 k=13 (energy) energy=0.9907 recon=7.01e-08 ortho=6.70e-15
2026-07-25 16:14:34,502 [INFO] layer 27 attn_v    | r=16 r_eff=16 k=12 (energy) energy=0.9908 recon=9.39e-08 ortho=9.50e-15
2026-07-25 16:14:34,528 [INFO] layer 27 ffn_down  | r=16 r_eff=16 k=12 (energy) energy=0.9914 recon=7.62e-08 ortho=1.15e-14
2026-07-25 16:14:34,550 [INFO] layer 27 ffn_up    | r=16 r_eff=16 k=13 (energy) energy=0.9916 recon=1.01e-07 ortho=1.09e-14
2026-07-25 16:14:34,565 [INFO] layer 28 attn_k    | r=16 r_eff=16 k=14 (energy) energy=0.9935 recon=9.37e-08 ortho=1.44e-14
2026-07-25 16:14:34,579 [INFO] layer 28 attn_q    | r=16 r_eff=16 k=14 (energy) energy=0.9912 recon=9.58e-08 ortho=1.13e-14
2026-07-25 16:14:34,593 [INFO] layer 28 attn_v    | r=16 r_eff=16 k=13 (energy) energy=0.9924 recon=1.00e-07 ortho=1.01e-14
2026-07-25 16:14:34,616 [INFO] layer 28 ffn_down  | r=16 r_eff=16 k=9 (energy) energy=0.9920 recon=6.54e-08 ortho=6.08e-15
2026-07-25 16:14:34,638 [INFO] layer 28 ffn_up    | r=16 r_eff=16 k=11 (energy) energy=0.9913 recon=8.51e-08 ortho=8.37e-15
2026-07-25 16:14:34,653 [INFO] layer 29 attn_k    | r=16 r_eff=16 k=14 (energy) energy=0.9905 recon=7.64e-08 ortho=8.17e-15
2026-07-25 16:14:34,667 [INFO] layer 29 attn_q    | r=16 r_eff=16 k=14 (energy) energy=0.9923 recon=7.54e-08 ortho=8.95e-15
2026-07-25 16:14:34,681 [INFO] layer 29 attn_v    | r=16 r_eff=16 k=12 (energy) energy=0.9906 recon=8.38e-08 ortho=9.28e-15
2026-07-25 16:14:34,704 [INFO] layer 29 ffn_down  | r=16 r_eff=16 k=7 (energy) energy=0.9914 recon=9.17e-08 ortho=3.67e-15
2026-07-25 16:14:34,727 [INFO] layer 29 ffn_up    | r=16 r_eff=16 k=10 (energy) energy=0.9917 recon=9.41e-08 ortho=6.56e-15
2026-07-25 16:14:34,741 [INFO] layer 30 attn_k    | r=16 r_eff=16 k=13 (energy) energy=0.9921 recon=5.83e-08 ortho=8.57e-15
2026-07-25 16:14:34,756 [INFO] layer 30 attn_q    | r=16 r_eff=16 k=12 (energy) energy=0.9925 recon=7.04e-08 ortho=8.87e-15
2026-07-25 16:14:34,770 [INFO] layer 30 attn_v    | r=16 r_eff=16 k=13 (energy) energy=0.9917 recon=9.07e-08 ortho=8.22e-15
2026-07-25 16:14:34,792 [INFO] layer 30 ffn_down  | r=16 r_eff=16 k=3 (energy) energy=0.9901 recon=7.36e-08 ortho=5.39e-15
2026-07-25 16:14:34,814 [INFO] layer 30 ffn_up    | r=16 r_eff=16 k=7 (energy) energy=0.9901 recon=7.55e-08 ortho=4.18e-15
2026-07-25 16:14:34,828 [INFO] layer 31 attn_k    | r=16 r_eff=16 k=13 (energy) energy=0.9925 recon=4.08e-08 ortho=1.07e-14
2026-07-25 16:14:34,842 [INFO] layer 31 attn_q    | r=16 r_eff=16 k=9 (energy) energy=0.9907 recon=3.34e-08 ortho=8.20e-15
2026-07-25 16:14:34,856 [INFO] layer 31 attn_v    | r=16 r_eff=16 k=9 (energy) energy=0.9902 recon=1.02e-07 ortho=9.04e-15
2026-07-25 16:14:34,878 [INFO] layer 31 ffn_down  | r=16 r_eff=16 k=11 (energy) energy=0.9908 recon=1.14e-07 ortho=9.12e-15
2026-07-25 16:14:34,901 [INFO] layer 31 ffn_up    | r=16 r_eff=16 k=13 (energy) energy=0.9912 recon=1.03e-07 ortho=1.19e-14
2026-07-25 16:14:34,906 [INFO] ======================================================================
2026-07-25 16:14:34,906 [INFO] ✓ 160 modules → outputs/adapter_subspace_lora/subspaces/energy99
2026-07-25 16:14:34,906 [INFO]   protected_k: min=2 max=16 mean=13.02
2026-07-25 16:14:34,907 [INFO]   max reconstruction error : 1.413e-07
2026-07-25 16:14:34,907 [INFO]   max orthogonality error  : 1.780e-14
2026-07-25 16:14:34,907 [INFO] ======================================================================

════════════════ Stage 1: protected subspace 요약 ════════════════
selection       k min/mean/max      energy@k mean  r_eff   modules 
----------------------------------------------------------------------
all_effective   16/16.0/16          1.0000         [16]    160     
energy90        1/4.5/12          0.9148         [16]    160     
energy99        2/13.0/16          0.9923         [16]    160     
topk2           2/2.0/2           0.8169         [16]    160     
topk4           4/4.0/4           0.8919         [16]    160     
topk8           8/8.0/8           0.9510         [16]    160     

누적 에너지 곡선 (대표 층, k=1..8):
  L 0 attn_q    0.579 0.748 0.836 0.873 0.904 0.928 0.944 0.957
  L 0 ffn_down  0.670 0.809 0.863 0.908 0.928 0.943 0.954 0.964
  L15 attn_q    0.834 0.883 0.915 0.931 0.945 0.955 0.962 0.968
  L15 ffn_down  0.736 0.855 0.919 0.936 0.948 0.958 0.966 0.972
  L31 attn_q    0.925 0.951 0.965 0.973 0.978 0.983 0.986 0.989
  L31 ffn_down  0.677 0.913 0.933 0.947 0.959 0.967 0.973 0.979
═══════════════════════════════════════════════════════════════════

STOP_AFTER_STAGE1=1 → Stage 2/3 를 건너뛰고 종료합니다.
  subspace 진단: outputs/adapter_subspace_lora/subspaces/*/report.json
  이어서 학습하려면 TRAIN_SELECTIONS 를 정한 뒤 STOP_AFTER_STAGE1=0 으로 재제출
  (Stage 0/0.5/1 은 완료 표시가 있어 건너뜁니다)
